update,avg_reward
0,-100
1,-458
2,-68
3,-100
4,-359
5,14
6,100
7,-195
8,-73
9,-23
10,-68
11,-188
12,-100
13,-73
14,-148
15,-100
16,-188
17,-192
18,-79
19,8
20,-73
21,-86
22,14
23,-178
24,-101
25,-100
26,8
27,-67
28,-73
29,100
30,8
31,-167
32,14
33,-100
34,-101
35,-91
36,-186
37,-73
38,-62
39,14
40,100
41,-100
42,-98
43,-356
44,-240
45,18
46,-79
47,-73
48,-272
49,-235
50,-253
51,-67
52,-91
53,-100
54,-241
55,-100
56,-100
57,100
58,12
59,100
60,-106
61,11
62,-73
63,-240
64,100
65,-240
66,-156
67,-62
68,-91
69,-91
70,-67
71,100
72,-100
73,-100
74,-156
75,-91
76,-85
77,-158
78,-91
79,-79
80,100
81,6
82,-240
83,14
84,18
85,12
86,-67
87,-73
88,-103
89,100
90,18
91,-91
92,-101
93,14
94,14
95,-1
96,100
97,-1
98,-76
99,14
100,-418
101,-62
102,-79
103,-73
104,-155
105,-85
106,-240
107,-7
108,6
109,100
110,-88
111,-1
112,-76
113,-248
114,100
115,100
116,6
117,-156
118,-1
119,-86
120,100
121,-163
122,-73
123,100
124,18
125,-7
126,100
127,6
128,-73
129,-1
130,99
131,-1
132,-79
133,-67
134,-67
135,-155
136,100
137,12
138,5
139,-76
140,-62
141,-73
142,-101
143,100
144,6
145,100
146,-88
147,-1
148,99
149,-73
150,5
151,-155
152,-156
153,-76
154,18
155,99
156,100
157,-156
158,18
159,-73
160,5
161,-83
162,-155
163,18
164,-73
165,-7
166,-1
167,-83
168,12
169,11
170,-88
171,-101
172,-76
173,18
174,-1
175,-1
176,18
177,-88
178,-73
179,-88
180,-1
181,-83
182,99
183,14
184,18
185,-7
186,-83
187,-79
188,-155
189,-88
190,-88
191,-1
192,-83
193,-100
194,14
195,14
196,-7
197,-62
198,18
199,100
200,-76
201,-73
202,99
203,99
204,-83
205,100
206,-101
207,100
208,11
209,-7
210,-155
211,100
212,-76
213,-240
214,5
215,14
216,18
217,-73
218,-83
219,100
220,-155
221,-76
222,-101
223,-1
224,-73
225,-156
226,-79
227,-88
228,100
229,-67
230,100
231,-1
232,-101
233,-156
234,-88
235,100
236,-240
237,-1
238,99
239,-76
240,-79
241,-88
242,12
243,-79
244,-76
245,-67
246,-88
247,-100
248,-7
249,-83
250,-100
251,-76
252,-83
253,-88
254,12
255,99
256,-73
257,-101
258,5
259,18
260,-157
261,-88
262,12
263,-1
264,-7
265,-83
266,-7
267,-88
268,-62
269,99
270,-83
271,-156
272,-240
273,-67
274,-83
275,18
276,-76
277,14
278,-67
279,-73
280,-155
281,-88
282,-73
283,-155
284,100
285,-240
286,-62
287,100
288,-79
289,100
290,-101
291,6
292,-7
293,-88
294,-240
295,-62
296,-62
297,99
298,-76
299,6
300,18
301,-155
302,100
303,-1
304,18
305,6
306,-62
307,-101
308,-62
309,-240
310,100
311,-88
312,-83
313,-73
314,-155
315,-240
316,-7
317,100
318,-67
319,-1
320,-7
321,18
322,-73
323,100
324,11
325,18
326,-73
327,-67
328,-240
329,-7
330,-73
331,-1
332,-101
333,99
334,-88
335,99
336,-73
337,12
338,-62
339,-88
340,14
341,-76
342,-240
343,-1
344,12
345,-1
346,-73
347,100
348,-240
349,-73
350,-100
351,-163
352,-100
353,-156
354,100
355,6
356,18
357,11
358,100
359,-240
360,100
361,-100
362,-156
363,14
364,-157
365,-73
366,-67
367,99
368,-83
369,-240
370,-240
371,-156
372,-83
373,-73
374,-7
375,-100
376,-83
377,-73
378,-83
379,6
380,100
381,-100
382,-1
383,6
384,-73
385,100
386,18
387,100
388,12
389,18
390,5
391,-67
392,-79
393,100
394,100
395,14
396,-73
397,-1
398,100
399,6
400,-83
401,-155
402,5
403,-62
404,-156
405,-88
406,-156
407,-155
408,-156
409,100
410,6
411,100
412,100
413,-83
414,-73
415,-67
416,-240
417,99
418,11
419,-73
420,12
421,-7
422,6
423,-240
424,-155
425,-156
426,5
427,-73
428,-100
429,-73
430,-1
431,-1
432,-100
433,14
434,-83
435,-62
436,-1
437,99
438,18
439,99
440,-157
441,-100
442,-1
443,-62
444,-1
445,-100
446,100
447,-7
448,18
449,-7
450,-62
451,-88
452,-1
453,-83
454,-73
455,-157
456,14
457,-100
458,14
459,-73
460,-100
461,-7
462,-1
463,6
464,-83
465,100
466,18
467,18
468,100
469,18
470,100
471,-88
472,100
473,-79
474,14
475,11
476,100
477,-83
478,100
479,-73
480,-73
481,-155
482,12
483,-79
484,-88
485,-83
486,-156
487,-100
488,-73
489,-67
490,100
491,-157
492,11
493,-100
494,-83
495,11
496,-67
497,-83
498,100
499,5
500,-1
501,11
502,-73
503,12
504,-88
505,-88
506,-100
507,-88
508,-73
509,14
510,-157
511,-157
512,12
513,-1
514,-240
515,-157
516,-155
517,-100
518,-83
519,11
520,100
521,-240
522,-83
523,-79
524,-240
525,-73
526,-100
527,12
528,-101
529,-156
530,100
531,6
532,-157
533,-1
534,-7
535,-240
536,5
537,99
538,-1
539,-76
540,-67
541,-62
542,-1
543,99
544,18
545,-7
546,5
547,6
548,-79
549,-73
550,-240
551,-1
552,100
553,-1
554,-1
555,-155
556,-73
557,-240
558,-88
559,100
560,-101
561,100
562,-1
563,-88
564,-88
565,6
566,-157
567,-240
568,-100
569,14
570,-67
571,100
572,-7
573,-7
574,-83
575,-76
576,6
577,-79
578,6
579,-67
580,6
581,12
582,-83
583,-155
584,-73
585,-157
586,86
587,100
588,-8
589,-67
590,100
591,93
592,74
593,100
594,74
595,100
596,74
597,81
598,81
599,86
600,14
601,100
602,86
603,-67
604,86
605,81
606,-8
607,74
608,86
609,93
610,-62
611,74
612,-1
613,-62
614,87
615,80
616,-13
617,-100
618,80
619,-13
620,-1
621,-100
622,-100
623,81
624,-73
625,-1
626,-73
627,-157
628,74
629,-73
630,-13
631,68
632,-8
633,93
634,-8
635,86
636,-155
637,-8
638,-62
639,-100
640,-73
641,80
642,-156
643,81
644,-157
645,-62
646,-240
647,-156
648,-100
649,-13
650,-62
651,-13
652,-13
653,-101
654,-157
655,-62
656,74
657,-155
658,-62
659,-156
660,-73
661,14
662,-240
663,-8
664,74
665,-73
666,14
667,-79
668,-8
669,-13
670,74
671,100
672,86
673,-8
674,-13
675,68
676,-62
677,81
678,-1
679,80
680,-156
681,86
682,-155
683,-155
684,-156
685,-100
686,-100
687,-13
688,-156
689,-155
690,-100
691,-240
692,100
693,-62
694,86
695,87
696,80
697,-100
698,81
699,100
700,80
701,-13
702,86
703,-8
704,100
705,-13
706,99
707,-8
708,-13
709,-155
710,100
711,81
712,74
713,100
714,-67
715,-1
716,100
717,-8
718,-157
719,100
720,-101
721,87
722,-1
723,74
724,100
725,-8
726,-240
727,-101
728,-240
729,-13
730,-1
731,-13
732,-79
733,81
734,87
735,74
736,87
737,-100
738,86
739,81
740,-157
741,-100
742,93
743,-156
744,93
745,93
746,-100
747,100
748,-1
749,-157
750,-8
751,68
752,-1
753,-157
754,-1
755,100
756,-101
757,-73
758,93
759,14
760,-62
761,99
762,-67
763,74
764,-13
765,-73
766,-100
767,68
768,74
769,93
770,-13
771,-79
772,87
773,-1
774,74
775,74
776,81
777,14
778,-156
779,-13
780,-101
781,100
782,-73
783,-13
784,-8
785,-73
786,100
787,-13
788,-156
789,-8
790,99
791,99
792,81
793,-157
794,-156
795,-67
796,-101
797,87
798,-157
799,100
800,80
801,-8
802,-100
803,-101
804,100
805,-79
806,68
807,-8
808,-79
809,-73
810,-1
811,-240
812,-13
813,74
814,68
815,-101
816,-156
817,-79
818,-73
819,-156
820,99
821,100
822,-8
823,68
824,-8
825,-8
826,80
827,14
828,-240
829,-240
830,-8
831,-101
832,14
833,14
834,-73
835,-240
836,14
837,-156
838,-13
839,-73
840,99
841,100
842,-100
843,81
844,81
845,68
846,81
847,-240
848,-13
849,100
850,86
851,-73
852,-13
853,68
854,80
855,-62
856,-13
857,-73
858,100
859,-79
860,100
861,68
862,-67
863,-67
864,-155
865,-8
866,74
867,99
868,74
869,68
870,80
871,86
872,74
873,14
874,80
875,68
876,80
877,100
878,100
879,87
880,-79
881,-240
882,-67
883,-13
884,-156
885,87
886,100
887,-73
888,-1
889,-13
890,-100
891,-13
892,-8
893,87
894,-13
895,-13
896,86
897,-62
898,-8
899,-62
900,74
901,87
902,-157
903,-157
904,-101
905,99
906,-8
907,-157
908,74
909,14
910,-79
911,-13
912,99
913,-8
914,81
915,-156
916,-156
917,68
918,74
919,-8
920,81
921,86
922,-13
923,-73
924,-156
925,-8
926,-73
927,-1
928,80
929,-73
930,-100
931,-101
932,-101
933,-67
934,-13
935,80
936,80
937,-155
938,-62
939,-8
940,-73
941,-155
942,14
943,87
944,14
945,100
946,-67
947,87
948,-73
949,-73
950,80
951,-79
952,80
953,-73
954,81
955,93
956,80
957,100
958,-62
959,80
960,-156
961,86
962,-13
963,-8
964,74
965,74
966,86
967,74
968,86
969,-155
970,-73
971,-157
972,81
973,-156
974,-101
975,-73
976,-79
977,-101
978,74
979,-8
980,-1
981,14
982,100
983,68
984,-1
985,87
986,-8
987,14
988,-73
989,-156
990,100
991,-73
992,86
993,99
994,-156
995,-62
996,99
997,81
998,68
999,-67
1000,100
1001,74
1002,80
1003,100
1004,-73
1005,93
1006,81
1007,100
1008,-156
1009,-67
1010,-13
1011,100
1012,14
1013,80
1014,-155
1015,-13
1016,-8
1017,-240
1018,-1
1019,81
1020,74
1021,68
1022,81
1023,-157
1024,-157
1025,-13
1026,-13
1027,99
1028,14
1029,100
1030,-157
1031,80
1032,93
1033,-100
1034,99
1035,87
1036,-156
1037,86
1038,-240
1039,-157
1040,-100
1041,-156
1042,14
1043,-157
1044,68
1045,-67
1046,86
1047,86
1048,-73
1049,-13
1050,-13
1051,74
1052,-67
1053,74
1054,80
1055,-100
1056,-156
1057,74
1058,-156
1059,81
1060,-73
1061,74
1062,99
1063,86
1064,-8
1065,-240
1066,74
1067,81
1068,-156
1069,80
1070,87
1071,-73
1072,-73
1073,81
1074,100
1075,-8
1076,-8
1077,14
1078,-8
1079,93
1080,100
1081,80
1082,93
1083,-79
1084,-157
1085,-101
1086,14
1087,100
1088,-155
1089,-157
1090,-156
1091,-1
1092,87
1093,-79
1094,-62
1095,-100
1096,86
1097,-73
1098,74
1099,74
1100,99
1101,-157
1102,87
1103,81
1104,-8
1105,99
1106,81
1107,86
1108,-101
1109,-79
1110,-240
1111,100
1112,-8
1113,-73
1114,-157
1115,-79
1116,74
1117,81
1118,-1
1119,-13
1120,100
1121,87
1122,-67
1123,-73
1124,80
1125,-73
1126,99
1127,86
1128,100
1129,-13
1130,-240
1131,80
1132,-101
1133,-240
1134,93
1135,-157
1136,93
1137,-101
1138,99
1139,87
1140,100
1141,-62
1142,-62
1143,68
1144,-155
1145,-155
1146,100
1147,-155
1148,-155
1149,-8
1150,-62
1151,-73
1152,-13
1153,-13
1154,100
1155,68
1156,-67
1157,-240
1158,99
1159,-73
1160,-156
1161,-73
1162,-13
1163,68
1164,-8
1165,-101
1166,-8
1167,93
1168,-1
1169,-1
1170,99
1171,99
1172,68
1173,-8
1174,-73
1175,-240
1176,-79
1177,-13
1178,68
1179,81
1180,87
1181,-100
1182,-155
1183,-156
1184,100
1185,-79
1186,-13
1187,-8
1188,-101
1189,-79
1190,-8
1191,74
1192,-8
1193,100
1194,86
1195,87
1196,-67
1197,87
1198,93
1199,68
1200,-73
1201,-79
1202,74
1203,100
1204,68
1205,74
1206,-62
1207,100
1208,100
1209,74
1210,-13
1211,-240
1212,100
1213,-8
1214,-13
1215,87
1216,-100
1217,-100
1218,-240
1219,-157
1220,-13
1221,-8
1222,-101
1223,-156
1224,93
1225,86
1226,100
1227,-73
1228,-156
1229,100
1230,-8
1231,-73
1232,-240
1233,93
1234,-67
1235,-67
1236,-8
1237,-101
1238,86
1239,-79
1240,93
1241,100
1242,87
1243,68
1244,80
1245,74
1246,-13
1247,-155
1248,-13
1249,100
1250,-1
1251,81
1252,-13
1253,14
1254,-100
1255,-73
1256,80
1257,-100
1258,-101
1259,86
1260,-13
1261,74
1262,-73
1263,-79
1264,-155
1265,87
1266,100
1267,-101
1268,74
1269,68
1270,-157
1271,-100
1272,99
1273,-73
1274,68
1275,-155
1276,-100
1277,100
1278,87
1279,-1
1280,-73
1281,100
1282,-8
1283,-13
1284,-73
1285,-240
1286,87
1287,-62
1288,-67
1289,-1
1290,99
1291,-157
1292,-13
1293,81
1294,-240
1295,-100
1296,99
1297,-67
1298,-73
1299,-73
1300,80
1301,-67
1302,-79
1303,-67
1304,74
1305,-62
1306,-100
1307,86
1308,-1
1309,-62
1310,-240
1311,86
1312,-156
1313,93
1314,-13
1315,-157
1316,-8
1317,81
1318,100
1319,-1
1320,-240
1321,-100
1322,80
1323,100
1324,81
1325,-13
1326,80
1327,-101
1328,-13
1329,-62
1330,-73
1331,14
1332,100
1333,87
1334,68
1335,99
1336,-155
1337,-13
1338,-101
1339,74
1340,-73
1341,-8
1342,14
1343,68
1344,100
1345,-8
1346,100
1347,-101
1348,14
1349,-73
1350,-157
1351,-155
1352,81
1353,87
1354,-13
1355,74
1356,-100
1357,87
1358,87
1359,93
1360,-1
1361,100
1362,93
1363,99
1364,-101
1365,-13
1366,-62
1367,-73
1368,-79
1369,100
1370,86
1371,-8
1372,100
1373,100
1374,14
1375,68
1376,-62
1377,-157
1378,-73
1379,-156
1380,-67
1381,74
1382,86
1383,-1
1384,-101
1385,-79
1386,-155
1387,-101
1388,14
1389,74
1390,-240
1391,-62
1392,-8
1393,100
1394,-73
1395,87
1396,100
1397,81
1398,-73
1399,68
1400,74
1401,14
1402,100
1403,-79
1404,14
1405,87
1406,81
1407,74
1408,68
1409,80
1410,-8
1411,-100
1412,74
1413,80
1414,80
1415,68
1416,-13
1417,-13
1418,87
1419,-8
1420,-62
1421,81
1422,-155
1423,14
1424,-73
1425,-67
1426,-1
1427,-13
1428,99
1429,68
1430,100
1431,93
1432,-13
1433,68
1434,100
1435,-8
1436,-73
1437,-1
1438,14
1439,-73
1440,74
1441,-160
1442,-8
1443,74
1444,-79
1445,-73
1446,-155
1447,-8
1448,100
1449,74
1450,74
1451,74
1452,100
1453,-156
1454,-101
1455,-157
1456,-73
1457,99
1458,100
1459,-79
1460,93
1461,-67
1462,100
1463,100
1464,-8
1465,-13
1466,14
1467,-67
1468,-157
1469,100
1470,99
1471,86
1472,99
1473,-157
1474,-67
1475,74
1476,-8
1477,-240
1478,-67
1479,-67
1480,81
1481,-157
1482,-157
1483,-155
1484,-100
1485,-73
1486,87
1487,-67
1488,-240
1489,86
1490,-13
1491,-100
1492,-156
1493,-62
1494,14
1495,-8
1496,100
1497,14
1498,-1
1499,-240
1500,-8
1501,-73
1502,14
1503,-100
1504,100
1505,-155
1506,-62
1507,-73
1508,100
1509,-8
1510,-13
1511,68
1512,-156
1513,-85
1514,-8
1515,81
1516,-155
1517,87
1518,74
1519,-13
1520,-157
1521,100
1522,74
1523,100
1524,99
1525,68
1526,14
1527,-8
1528,-8
1529,-73
1530,87
1531,-8
1532,-13
1533,-13
1534,-100
1535,-8
1536,80
1537,-73
1538,-13
1539,-79
1540,-8
1541,-101
1542,99
1543,68
1544,-155
1545,99
1546,-67
1547,100
1548,87
1549,-156
1550,-79
1551,-1
1552,-155
1553,-101
1554,14
1555,100
1556,-156
1557,-8
1558,-1
1559,-155
1560,74
1561,-62
1562,-13
1563,-100
1564,100
1565,-73
1566,-157
1567,-85
1568,-73
1569,87
1570,87
1571,-1
1572,93
1573,-73
1574,100
1575,-8
1576,-101
1577,93
1578,-101
1579,-100
1580,14
1581,-73
1582,-8
1583,100
1584,-13
1585,100
1586,-73
1587,80
1588,80
1589,-67
1590,-62
1591,93
1592,-73
1593,80
1594,-240
1595,93
1596,100
1597,68
1598,14
1599,-8
1600,-100
1601,-13
1602,100
1603,-13
1604,100
1605,-1
1606,68
1607,100
1608,-8
1609,87
1610,-67
1611,74
1612,-8
1613,-73
1614,99
1615,74
1616,74
1617,-8
1618,-87
1619,-240
1620,68
1621,87
1622,-13
1623,80
1624,-8
1625,80
1626,-1
1627,93
1628,14
1629,74
1630,-85
1631,-8
1632,-13
1633,-8
1634,-73
1635,93
1636,99
1637,-100
1638,100
1639,100
1640,-67
1641,-13
1642,87
1643,-73
1644,81
1645,80
1646,-1
1647,86
1648,99
1649,-67
1650,99
1651,-13
1652,74
1653,14
1654,-67
1655,-67
1656,87
1657,-13
1658,-8
1659,100
1660,-8
1661,-86
1662,100
1663,-67
1664,-73
1665,-240
1666,80
1667,87
1668,99
1669,-73
1670,68
1671,74
1672,93
1673,80
1674,74
1675,81
1676,-100
1677,100
1678,-79
1679,-62
1680,81
1681,93
1682,68
1683,-85
1684,99
1685,-100
1686,93
1687,100
1688,-8
1689,-73
1690,-100
1691,-8
1692,68
1693,87
1694,-8
1695,-8
1696,-73
1697,-62
1698,100
1699,-73
1700,-73
1701,74
1702,99
1703,-67
1704,-8
1705,-101
1706,-13
1707,-62
1708,100
1709,100
1710,99
1711,-73
1712,-8
1713,-67
1714,14
1715,-73
1716,-85
1717,-1
1718,86
1719,-8
1720,86
1721,-8
1722,100
1723,81
1724,-1
1725,-62
1726,74
1727,-86
1728,87
1729,100
1730,-8
1731,74
1732,-79
1733,-13
1734,-8
1735,14
1736,87
1737,74
1738,81
1739,-240
1740,81
1741,14
1742,-8
1743,-73
1744,-13
1745,-67
1746,-8
1747,100
1748,-79
1749,-8
1750,-160
1751,-13
1752,-62
1753,14
1754,-86
1755,-101
1756,74
1757,86
1758,74
1759,-101
1760,68
1761,-8
1762,81
1763,-13
1764,-13
1765,99
1766,99
1767,-100
1768,-62
1769,-101
1770,100
1771,-1
1772,-1
1773,-101
1774,100
1775,100
1776,81
1777,-8
1778,-1
1779,-73
1780,-67
1781,-86
1782,-100
1783,-62
1784,-73
1785,-79
1786,-8
1787,-100
1788,100
1789,-13
1790,-79
1791,80
1792,-101
1793,-67
1794,-240
1795,100
1796,-73
1797,-13
1798,80
1799,100
1800,-79
1801,-240
1802,74
1803,81
1804,-240
1805,80
1806,-101
1807,100
1808,100
1809,-240
1810,-13
1811,86
1812,68
1813,81
1814,-67
1815,81
1816,81
1817,-79
1818,74
1819,-13
1820,74
1821,-86
1822,86
1823,74
1824,80
1825,100
1826,86
1827,100
1828,74
1829,100
1830,100
1831,-73
1832,-1
1833,74
1834,80
1835,-85
1836,-73
1837,93
1838,-240
1839,68
1840,-62
1841,-73
1842,80
1843,-8
1844,-62
1845,93
1846,-101
1847,-1
1848,100
1849,-13
1850,-100
1851,74
1852,-13
1853,-87
1854,100
1855,80
1856,-62
1857,-240
1858,87
1859,-73
1860,-13
1861,-240
1862,81
1863,-100
1864,-13
1865,-8
1866,14
1867,74
1868,-73
1869,100
1870,74
1871,74
1872,-1
1873,86
1874,68
1875,-8
1876,93
1877,-13
1878,-85
1879,-1
1880,100
1881,-73
1882,-8
1883,74
1884,-13
1885,-67
1886,100
1887,-8
1888,-13
1889,-240
1890,-87
1891,86
1892,-85
1893,93
1894,-79
1895,100
1896,-101
1897,74
1898,100
1899,100
1900,-1
1901,80
1902,100
1903,-67
1904,74
1905,80
1906,-1
1907,14
1908,-79
1909,74
1910,68
1911,74
1912,-240
1913,-62
1914,-100
1915,-67
1916,-100
1917,-79
1918,93
1919,99
1920,-73
1921,80
1922,74
1923,-1
1924,-62
1925,-79
1926,-240
1927,-73
1928,100
1929,68
1930,-13
1931,-13
1932,80
1933,68
1934,-100
1935,99
1936,86
1937,-13
1938,-101
1939,-87
1940,-73
1941,100
1942,100
1943,14
1944,-13
1945,-240
1946,-101
1947,14
1948,81
1949,81
1950,-100
1951,-8
1952,81
1953,-240
1954,99
1955,-73
1956,-101
1957,-73
1958,-101
1959,-67
1960,80
1961,-73
1962,99
1963,-13
1964,-13
1965,74
1966,86
1967,81
1968,74
1969,100
1970,-8
1971,93
1972,86
1973,-13
1974,80
1975,-73
1976,14
1977,-73
1978,-67
1979,86
1980,87
1981,-8
1982,74
1983,-79
1984,-8
1985,74
1986,-8
1987,74
1988,74
1989,-79
1990,-8
1991,-73
1992,-240
1993,-73
1994,-13
1995,87
1996,-101
1997,100
1998,-13
1999,86
2000,-100
2001,-87
2002,99
2003,-13
2004,-8
2005,86
2006,100
2007,-13
2008,-8
2009,-13
2010,86
2011,-8
2012,-85
2013,100
2014,100
2015,100
2016,-79
2017,-67
2018,-8
2019,-101
2020,-85
2021,80
2022,100
2023,-73
2024,74
2025,93
2026,-13
2027,87
2028,-85
2029,14
2030,-101
2031,-73
2032,81
2033,-73
2034,-73
2035,-86
2036,-8
2037,-85
2038,-13
2039,-100
2040,-73
2041,100
2042,80
2043,14
2044,74
2045,-13
2046,-79
2047,-1
2048,-87
2049,-8
2050,-86
2051,80
2052,-1
2053,87
2054,99
2055,-1
2056,-240
2057,-101
2058,-62
2059,-8
2060,-79
2061,100
2062,80
2063,-62
2064,-100
2065,86
2066,99
2067,100
2068,-8
2069,86
2070,-13
2071,93
2072,-240
2073,-79
2074,100
2075,-240
2076,93
2077,-85
2078,-62
2079,-86
2080,80
2081,-100
2082,86
2083,100
2084,-67
2085,80
2086,86
2087,99
2088,-79
2089,100
2090,87
2091,-67
2092,81
2093,-67
2094,-79
2095,87
2096,80
2097,-73
2098,81
2099,-87
2100,-73
2101,100
2102,81
2103,-1
2104,-1
2105,80
2106,-13
2107,-62
2108,-86
2109,87
2110,-73
2111,-86
2112,74
2113,-13
2114,-73
2115,100
2116,100
2117,-13
2118,-86
2119,-86
2120,-1
2121,-13
2122,100
2123,-79
2124,-101
2125,80
2126,-100
2127,-87
2128,-8
2129,-79
2130,-8
2131,100
2132,-79
2133,87
2134,80
2135,-100
2136,-100
2137,81
2138,-13
2139,87
2140,-73
2141,100
2142,100
2143,-100
2144,93
2145,-1
2146,81
2147,-13
2148,74
2149,14
2150,-100
2151,-87
2152,-73
2153,74
2154,-101
2155,74
2156,-73
2157,-101
2158,-13
2159,100
2160,-87
2161,-240
2162,-73
2163,-240
2164,68
2165,74
2166,-100
2167,-79
2168,-73
2169,-62
2170,86
2171,-240
2172,-73
2173,93
2174,87
2175,-62
2176,100
2177,100
2178,-240
2179,-86
2180,-13
2181,100
2182,-13
2183,74
2184,-240
2185,-8
2186,93
2187,-79
2188,-101
2189,-1
2190,-86
2191,-79
2192,93
2193,80
2194,-100
2195,-101
2196,100
2197,81
2198,-73
2199,-240
2200,-101
2201,74
2202,-79
2203,87
2204,14
2205,99
2206,-8
2207,-8
2208,-62
2209,100
2210,-86
2211,-13
2212,-73
2213,-100
2214,-13
2215,-62
2216,-100
2217,93
2218,100
2219,99
2220,93
2221,100
2222,100
2223,93
2224,74
2225,93
2226,100
2227,87
2228,-85
2229,-100
2230,86
2231,74
2232,-67
2233,-8
2234,-62
2235,-13
2236,14
2237,-62
2238,-100
2239,93
2240,-13
2241,-13
2242,-101
2243,-73
2244,-73
2245,-85
2246,93
2247,100
2248,100
2249,-86
2250,-8
2251,-87
2252,87
2253,99
2254,74
2255,-73
2256,-87
2257,-240
2258,93
2259,-240
2260,74
2261,93
2262,-73
2263,-85
2264,87
2265,-87
2266,14
2267,-8
2268,-101
2269,-101
2270,99
2271,68
2272,-101
2273,-85
2274,-8
2275,-85
2276,74
2277,-67
2278,86
2279,-8
2280,86
2281,-100
2282,-87
2283,68
2284,87
2285,-86
2286,-240
2287,100
2288,100
2289,-73
2290,74
2291,14
2292,-1
2293,-73
2294,-13
2295,-73
2296,-13
2297,80
2298,80
2299,14
2300,14
2301,-8
2302,100
2303,100
2304,68
2305,-79
2306,-1
2307,-62
2308,-87
2309,-8
2310,86
2311,-1
2312,87
2313,-8
2314,99
2315,-73
2316,-101
2317,-86
2318,-67
2319,100
2320,81
2321,-8
2322,-73
2323,-87
2324,-79
2325,-100
2326,80
2327,81
2328,-62
2329,-101
2330,100
2331,81
2332,-8
2333,86
2334,-79
2335,100
2336,-79
2337,-73
2338,-240
2339,-100
2340,-8
2341,-1
2342,-85
2343,-67
2344,74
2345,-1
2346,99
2347,-1
2348,-8
2349,86
2350,93
2351,68
2352,14
2353,-13
2354,87
2355,-13
2356,74
2357,100
2358,100
2359,86
2360,-73
2361,-73
2362,-8
2363,-91
2364,93
2365,93
2366,81
2367,14
2368,86
2369,81
2370,99
2371,14
2372,100
2373,100
2374,-240
2375,86
2376,-13
2377,-85
2378,-87
2379,-100
2380,14
2381,74
2382,86
2383,-13
2384,-79
2385,-13
2386,74
2387,-87
2388,68
2389,-67
2390,14
2391,100
2392,-13
2393,87
2394,-62
2395,-85
2396,-100
2397,81
2398,-67
2399,99
2400,-8
2401,-86
2402,93
2403,86
2404,14
2405,-79
2406,68
2407,86
2408,14
2409,-240
2410,87
2411,-87
2412,-240
2413,86
2414,-13
2415,-73
2416,-240
2417,100
2418,100
2419,74
2420,99
2421,-73
2422,14
2423,74
2424,-73
2425,81
2426,68
2427,93
2428,93
2429,14
2430,-101
2431,14
2432,-73
2433,100
2434,-79
2435,-8
2436,-1
2437,100
2438,74
2439,14
2440,-79
2441,100
2442,-79
2443,99
2444,-101
2445,-73
2446,-86
2447,99
2448,-87
2449,93
2450,81
2451,87
2452,-101
2453,-62
2454,-100
2455,-101
2456,-13
2457,-79
2458,-1
2459,-8
2460,80
2461,-8
2462,14
2463,100
2464,68
2465,100
2466,99
2467,-101
2468,-85
2469,80
2470,-73
2471,68
2472,-13
2473,100
2474,100
2475,74
2476,81
2477,-240
2478,-100
2479,-13
2480,99
2481,-1
2482,-100
2483,87
2484,81
2485,-8
2486,86
2487,-13
2488,14
2489,93
2490,-85
2491,-79
2492,93
2493,93
2494,68
2495,80
2496,100
2497,-85
2498,86
2499,100
2500,-13
2501,87
2502,-73
2503,-79
2504,-73
2505,-87
2506,14
2507,-86
2508,-101
2509,-73
2510,-73
2511,74
2512,74
2513,74
2514,-240
2515,-13
2516,-73
2517,100
2518,-1
2519,-101
2520,93
2521,68
2522,86
2523,81
2524,87
2525,-1
2526,100
2527,-67
2528,-67
2529,-8
2530,-86
2531,-13
2532,-67
2533,99
2534,86
2535,-85
2536,100
2537,74
2538,74
2539,87
2540,74
2541,-100
2542,-87
2543,99
2544,-85
2545,-73
2546,-240
2547,-101
2548,-85
2549,-67
2550,-1
2551,-8
2552,-100
2553,100
2554,-85
2555,-13
2556,14
2557,74
2558,14
2559,80
2560,-8
2561,86
2562,-1
2563,-73
2564,-8
2565,-1
2566,-8
2567,-73
2568,-79
2569,86
2570,-101
2571,-73
2572,-8
2573,87
2574,93
2575,-100
2576,93
2577,74
2578,80
2579,-100
2580,-67
2581,93
2582,-240
2583,-79
2584,87
2585,100
2586,-87
2587,74
2588,100
2589,-67
2590,14
2591,-62
2592,99
2593,-13
2594,80
2595,-13
2596,74
2597,-101
2598,-8
2599,-85
2600,-13
2601,87
2602,100
2603,-1
2604,100
2605,100
2606,74
2607,99
2608,80
2609,99
2610,93
2611,87
2612,-240
2613,68
2614,99
2615,-8
2616,-240
2617,99
2618,-85
2619,68
2620,-62
2621,80
2622,-67
2623,74
2624,-1
2625,74
2626,-67
2627,-85
2628,-240
2629,-73
2630,-79
2631,68
2632,-73
2633,-13
2634,-67
2635,-13
2636,100
2637,-67
2638,68
2639,100
2640,-1
2641,-13
2642,100
2643,-100
2644,14
2645,-100
2646,-13
2647,-79
2648,99
2649,100
2650,-79
2651,99
2652,81
2653,-62
2654,14
2655,-13
2656,93
2657,-13
2658,100
2659,-13
2660,-101
2661,-85
2662,-85
2663,-100
2664,81
2665,100
2666,-85
2667,-101
2668,-86
2669,99
2670,100
2671,-86
2672,-73
2673,-240
2674,-101
2675,80
2676,14
2677,86
2678,74
2679,-79
2680,-73
2681,-13
2682,100
2683,74
2684,14
2685,-1
2686,-240
2687,68
2688,-240
2689,14
2690,-100
2691,-73
2692,100
2693,-86
2694,86
2695,-79
2696,74
2697,14
2698,-62
2699,93
2700,-62
2701,-86
2702,74
2703,-8
2704,-1
2705,68
2706,100
2707,100
2708,87
2709,-85
2710,-240
2711,-86
2712,-101
2713,100
2714,-73
2715,100
2716,100
2717,-73
2718,87
2719,-73
2720,-87
2721,14
2722,87
2723,100
2724,100
2725,-8
2726,100
2727,-85
2728,-101
2729,-62
2730,100
2731,100
2732,81
2733,-100
2734,-240
2735,74
2736,86
2737,87
2738,99
2739,-85
2740,-1
2741,74
2742,99
2743,100
2744,-85
2745,-1
2746,100
2747,99
2748,-13
2749,80
2750,100
2751,-85
2752,87
2753,99
2754,74
2755,-86
2756,-67
2757,-62
2758,-1
2759,-8
2760,93
2761,-87
2762,81
2763,81
2764,-100
2765,81
2766,80
2767,100
2768,-87
2769,-101
2770,-73
2771,-13
2772,-67
2773,-8
2774,-67
2775,-1
2776,93
2777,87
2778,-85
2779,80
2780,-85
2781,-240
2782,14
2783,74
2784,-87
2785,-86
2786,100
2787,-13
2788,100
2789,-13
2790,-73
2791,-8
2792,93
2793,93
2794,74
2795,80
2796,86
2797,-13
2798,-101
2799,-1
2800,87
2801,14
2802,-240
2803,-87
2804,-100
2805,87
2806,-13
2807,-100
2808,-87
2809,-73
2810,-79
2811,93
2812,74
2813,68
2814,100
2815,-67
2816,-79
2817,-8
2818,86
2819,87
2820,100
2821,-67
2822,-87
2823,-8
2824,74
2825,80
2826,-62
2827,99
2828,-101
2829,-8
2830,100
2831,-100
2832,-100
2833,-73
2834,81
2835,-100
2836,-101
2837,-1
2838,-86
2839,-86
2840,-73
2841,74
2842,100
2843,87
2844,87
2845,74
2846,86
2847,-13
2848,100
2849,-85
2850,-73
2851,-62
2852,93
2853,-73
2854,68
2855,74
2856,-101
2857,-79
2858,-73
2859,99
2860,81
2861,-67
2862,68
2863,-87
2864,-101
2865,74
2866,-73
2867,-8
2868,74
2869,100
2870,-86
2871,-8
2872,-13
2873,86
2874,-86
2875,-79
2876,-86
2877,-85
2878,-240
2879,-8
2880,-13
2881,74
2882,68
2883,-100
2884,-8
2885,-62
2886,-8
2887,-1
2888,-101
2889,-13
2890,-73
2891,100
2892,93
2893,68
2894,93
2895,-87
2896,100
2897,100
2898,-73
2899,87
2900,93
2901,-101
2902,-13
2903,14
2904,14
2905,-86
2906,100
2907,-13
2908,-100
2909,-1
2910,100
2911,-13
2912,-1
2913,-8
2914,93
2915,-67
2916,-13
2917,80
2918,-67
2919,74
2920,81
2921,-101
2922,86
2923,93
2924,-67
2925,74
2926,-79
2927,100
2928,86
2929,74
2930,-1
2931,-62
2932,-8
2933,80
2934,87
2935,-101
2936,68
2937,-79
2938,-8
2939,74
2940,-13
2941,-87
2942,87
2943,93
2944,74
2945,-100
2946,68
2947,-13
2948,-8
2949,87
2950,87
2951,100
2952,-85
2953,-100
2954,-73
2955,-13
2956,-13
2957,-67
2958,-13
2959,81
2960,-87
2961,74
2962,-62
2963,74
2964,-67
2965,-85
2966,-100
2967,-73
2968,-100
2969,-86
2970,-62
2971,-100
2972,100
2973,-8
2974,80
2975,-73
2976,-85
2977,68
2978,-13
2979,74
2980,-67
2981,99
2982,100
2983,-13
2984,-101
2985,74
2986,-13
2987,93
2988,74
2989,-1
2990,-86
2991,14
2992,100
2993,100
2994,93
2995,68
2996,-13
2997,14
2998,-86
2999,-62
3000,-62
3001,100
3002,86
3003,100
3004,-240
3005,68
3006,100
3007,74
3008,100
3009,-100
3010,100
3011,-86
3012,-240
3013,99
3014,-240
3015,-101
3016,99
3017,100
3018,100
3019,-8
3020,-85
3021,-101
3022,14
3023,-67
3024,-73
3025,-62
3026,-67
3027,-240
3028,87
3029,-100
3030,-240
3031,80
3032,14
3033,-101
3034,14
3035,81
3036,100
3037,-1
3038,68
3039,-73
3040,-85
3041,93
3042,86
3043,93
3044,-100
3045,-87
3046,-73
3047,12
3048,100
3049,-85
3050,-1
3051,86
3052,-86
3053,68
3054,-73
3055,74
3056,-67
3057,-8
3058,86
3059,68
3060,93
3061,68
3062,-13
3063,-240
3064,99
3065,87
3066,-13
3067,93
3068,87
3069,80
3070,-100
3071,-62
3072,12
3073,-86
3074,12
3075,-85
3076,68
3077,-1
3078,80
3079,-85
3080,80
3081,-86
3082,12
3083,-240
3084,74
3085,-8
3086,86
3087,-85
3088,-79
3089,-62
3090,81
3091,80
3092,-8
3093,-85
3094,-86
3095,14
3096,100
3097,-240
3098,14
3099,-73
3100,-13
3101,100
3102,-62
3103,93
3104,93
3105,87
3106,-87
3107,-101
3108,-73
3109,12
3110,-13
3111,-73
3112,100
3113,-86
3114,100
3115,-67
3116,-79
3117,-62
3118,-13
3119,100
3120,100
3121,99
3122,14
3123,-13
3124,-67
3125,-79
3126,-87
3127,68
3128,-67
3129,-240
3130,81
3131,99
3132,-86
3133,68
3134,81
3135,-73
3136,86
3137,-79
3138,-8
3139,100
3140,100
3141,99
3142,-101
3143,74
3144,-67
3145,-73
3146,-240
3147,100
3148,-8
3149,-85
3150,74
3151,-100
3152,12
3153,14
3154,80
3155,-85
3156,86
3157,-8
3158,-86
3159,-240
3160,-79
3161,-8
3162,-79
3163,74
3164,81
3165,-86
3166,-62
3167,-240
3168,-75
3169,93
3170,-13
3171,-75
3172,100
3173,12
3174,81
3175,-13
3176,12
3177,-8
3178,-8
3179,-87
3180,68
3181,-100
3182,-8
3183,100
3184,-87
3185,14
3186,74
3187,-8
3188,-8
3189,-100
3190,-85
3191,86
3192,-100
3193,-79
3194,-79
3195,-101
3196,-79
3197,-85
3198,14
3199,12
3200,100
3201,-73
3202,100
3203,100
3204,12
3205,-79
3206,-73
3207,86
3208,80
3209,-13
3210,-67
3211,81
3212,74
3213,74
3214,-79
3215,-13
3216,99
3217,-101
3218,74
3219,-8
3220,-1
3221,-75
3222,-1
3223,-86
3224,-100
3225,-67
3226,-100
3227,-86
3228,-13
3229,-101
3230,68
3231,-100
3232,100
3233,80
3234,68
3235,-13
3236,-62
3237,-86
3238,-101
3239,-13
3240,12
3241,-73
3242,-75
3243,-86
3244,-1
3245,-100
3246,-87
3247,68
3248,68
3249,86
3250,-87
3251,-160
3252,-67
3253,-75
3254,-100
3255,100
3256,100
3257,100
3258,86
3259,68
3260,74
3261,14
3262,-101
3263,-8
3264,100
3265,-8
3266,74
3267,-86
3268,100
3269,-62
3270,-73
3271,-8
3272,74
3273,-8
3274,-75
3275,68
3276,80
3277,81
3278,100
3279,-86
3280,-101
3281,-1
3282,93
3283,12
3284,-8
3285,100
3286,14
3287,74
3288,-67
3289,81
3290,100
3291,68
3292,74
3293,-101
3294,-73
3295,81
3296,93
3297,-8
3298,100
3299,-8
3300,-86
3301,100
3302,74
3303,100
3304,-62
3305,74
3306,68
3307,-13
3308,74
3309,12
3310,-8
3311,86
3312,74
3313,-62
3314,68
3315,-8
3316,-1
3317,-75
3318,100
3319,100
3320,-13
3321,-87
3322,-86
3323,100
3324,-79
3325,-79
3326,-73
3327,-1
3328,-87
3329,-86
3330,100
3331,87
3332,80
3333,12
3334,100
3335,-8
3336,12
3337,-75
3338,-8
3339,100
3340,-100
3341,-87
3342,-75
3343,-87
3344,-100
3345,-100
3346,-87
3347,74
3348,100
3349,-13
3350,-13
3351,74
3352,-13
3353,-67
3354,74
3355,-8
3356,81
3357,74
3358,-87
3359,-75
3360,74
3361,-73
3362,14
3363,-79
3364,-1
3365,-67
3366,-8
3367,86
3368,99
3369,-79
3370,100
3371,-13
3372,74
3373,-13
3374,100
3375,12
3376,-8
3377,93
3378,100
3379,-62
3380,81
3381,-101
3382,100
3383,81
3384,-73
3385,-100
3386,100
3387,-87
3388,14
3389,93
3390,86
3391,-13
3392,-86
3393,-8
3394,-86
3395,93
3396,-101
3397,12
3398,100
3399,-73
3400,-87
3401,-100
3402,14
3403,-67
3404,-1
3405,86
3406,80
3407,-8
3408,93
3409,-73
3410,-13
3411,100
3412,-79
3413,100
3414,74
3415,-101
3416,-75
3417,-75
3418,-73
3419,100
3420,86
3421,-101
3422,-67
3423,-101
3424,-62
3425,81
3426,93
3427,12
3428,-62
3429,-13
3430,14
3431,-13
3432,-86
3433,-67
3434,14
3435,100
3436,74
3437,100
3438,74
3439,-79
3440,-87
3441,-8
3442,-13
3443,93
3444,74
3445,-8
3446,74
3447,-86
3448,-85
3449,86
3450,-73
3451,86
3452,-13
3453,-86
3454,-79
3455,-67
3456,68
3457,68
3458,-8
3459,99
3460,-87
3461,81
3462,-73
3463,-13
3464,-75
3465,81
3466,86
3467,12
3468,-67
3469,100
3470,68
3471,100
3472,-13
3473,100
3474,99
3475,-75
3476,74
3477,-8
3478,-62
3479,93
3480,80
3481,-101
3482,-86
3483,-1
3484,-100
3485,-85
3486,-13
3487,-13
3488,74
3489,99
3490,-1
3491,87
3492,-75
3493,100
3494,-67
3495,87
3496,-67
3497,74
3498,93
3499,100
3500,14
3501,74
3502,86
3503,81
3504,-100
3505,-79
3506,68
3507,68
3508,-13
3509,74
3510,68
3511,-86
3512,-79
3513,-67
3514,-13
3515,12
3516,-13
3517,-85
3518,-1
3519,100
3520,-13
3521,-13
3522,86
3523,-8
3524,93
3525,-75
3526,-1
3527,68
3528,100
3529,-75
3530,-85
3531,-62
3532,74
3533,-87
3534,-87
3535,14
3536,86
3537,99
3538,-100
3539,-85
3540,100
3541,68
3542,86
3543,100
3544,68
3545,80
3546,12
3547,99
3548,-75
3549,14
3550,93
3551,-87
3552,68
3553,68
3554,100
3555,-85
3556,68
3557,12
3558,-100
3559,-1
3560,-8
3561,-1
3562,-85
3563,-86
3564,14
3565,86
3566,81
3567,-73
3568,100
3569,12
3570,-86
3571,87
3572,-13
3573,100
3574,-101
3575,-8
3576,93
3577,-79
3578,100
3579,87
3580,14
3581,-75
3582,-86
3583,-87
3584,93
3585,99
3586,-86
3587,-75
3588,74
3589,100
3590,93
3591,81
3592,-8
3593,93
3594,80
3595,-13
3596,14
3597,81
3598,-100
3599,-100
3600,-62
3601,86
3602,93
3603,-67
3604,-73
3605,12
3606,81
3607,93
3608,-8
3609,80
3610,74
3611,80
3612,74
3613,-85
3614,-8
3615,-86
3616,100
3617,100
3618,12
3619,-8
3620,-87
3621,-13
3622,93
3623,100
3624,-8
3625,-8
3626,-87
3627,-86
3628,100
3629,99
3630,-1
3631,-1
3632,-1
3633,-67
3634,-67
3635,86
3636,-75
3637,87
3638,74
3639,-75
3640,-73
3641,100
3642,-75
3643,-85
3644,81
3645,-73
3646,-79
3647,100
3648,14
3649,-62
3650,-62
3651,12
3652,86
3653,99
3654,-101
3655,74
3656,-13
3657,-87
3658,87
3659,-87
3660,-13
3661,-75
3662,-73
3663,100
3664,-13
3665,-85
3666,-100
3667,-62
3668,80
3669,80
3670,74
3671,-62
3672,-85
3673,100
3674,-1
3675,-101
3676,-86
3677,-73
3678,-75
3679,99
3680,-8
3681,99
3682,100
3683,-13
3684,-1
3685,-101
3686,-86
3687,-79
3688,100
3689,100
3690,80
3691,86
3692,-85
3693,81
3694,99
3695,-85
3696,-100
3697,-67
3698,-86
3699,14
3700,100
3701,-67
3702,81
3703,-13
3704,80
3705,74
3706,-62
3707,-73
3708,80
3709,-13
3710,80
3711,99
3712,-8
3713,74
3714,81
3715,-8
3716,74
3717,14
3718,-62
3719,12
3720,99
3721,-8
3722,-67
3723,93
3724,100
3725,12
3726,-62
3727,93
3728,-8
3729,74
3730,12
3731,74
3732,74
3733,100
3734,-13
3735,-101
3736,74
3737,74
3738,80
3739,14
3740,81
3741,-75
3742,93
3743,-86
3744,-79
3745,-62
3746,87
3747,-8
3748,-8
3749,93
3750,80
3751,-8
3752,-73
3753,86
3754,-13
3755,74
3756,-13
3757,99
3758,87
3759,-86
3760,100
3761,14
3762,87
3763,-75
3764,-8
3765,-101
3766,99
3767,-101
3768,87
3769,-62
3770,-73
3771,-79
3772,93
3773,74
3774,99
3775,81
3776,-73
3777,-101
3778,100
3779,100
3780,14
3781,100
3782,99
3783,-13
3784,-85
3785,93
3786,-13
3787,99
3788,-75
3789,-8
3790,81
3791,14
3792,93
3793,-67
3794,-79
3795,87
3796,-13
3797,68
3798,14
3799,-87
3800,-86
3801,-62
3802,86
3803,74
3804,68
3805,74
3806,100
3807,-62
3808,14
3809,100
3810,-75
3811,100
3812,68
3813,-100
3814,-13
3815,99
3816,-1
3817,-75
3818,12
3819,-100
3820,-62
3821,-8
3822,74
3823,74
3824,87
3825,-1
3826,93
3827,12
3828,-85
3829,99
3830,86
3831,-73
3832,-67
3833,100
3834,87
3835,93
3836,80
3837,87
3838,99
3839,81
3840,12
3841,-62
3842,68
3843,80
3844,-101
3845,-85
3846,81
3847,100
3848,87
3849,-75
3850,-79
3851,-8
3852,-86
3853,-13
3854,-13
3855,-101
3856,-1
3857,100
3858,-73
3859,-86
3860,-87
3861,-73
3862,100
3863,-87
3864,-101
3865,-8
3866,80
3867,-86
3868,-8
3869,14
3870,93
3871,81
3872,-1
3873,14
3874,74
3875,74
3876,-79
3877,-8
3878,-79
3879,-1
3880,99
3881,-13
3882,100
3883,100
3884,74
3885,81
3886,12
3887,81
3888,-79
3889,100
3890,-67
3891,99
3892,93
3893,74
3894,-13
3895,-87
3896,80
3897,-87
3898,-1
3899,12
3900,-100
3901,74
3902,-73
3903,100
3904,-100
3905,-101
3906,-13
3907,-62
3908,-101
3909,68
3910,-86
3911,80
3912,-86
3913,-13
3914,-85
3915,-8
3916,-73
3917,93
3918,100
3919,100
3920,100
3921,-75
3922,-101
3923,-13
3924,-67
3925,-1
3926,86
3927,-87
3928,-85
3929,93
3930,-13
3931,-62
3932,-67
3933,-85
3934,87
3935,86
3936,-1
3937,93
3938,74
3939,-85
3940,-75
3941,-101
3942,-75
3943,100
3944,-8
3945,99
3946,68
3947,86
3948,-8
3949,80
3950,-100
3951,74
3952,-85
3953,-75
3954,-101
3955,-8
3956,-13
3957,93
3958,-67
3959,-8
3960,-8
3961,-13
3962,-86
3963,-75
3964,-13
3965,100
3966,-13
3967,100
3968,-100
3969,-62
3970,100
3971,-62
3972,12
3973,-101
3974,80
3975,74
3976,93
3977,100
3978,-86
3979,-8
3980,-67
3981,14
3982,-101
3983,-67
3984,-62
3985,100
3986,93
3987,-100
3988,100
3989,12
3990,-75
3991,-13
3992,100
3993,-13
3994,-75
3995,-8
3996,100
3997,-73
3998,68
3999,-100
4000,-13
4001,-8
4002,86
4003,87
4004,74
4005,-85
4006,-85
4007,68
4008,-1
4009,74
4010,-101
4011,99
4012,99
4013,100
4014,99
4015,-100
4016,-1
4017,-87
4018,100
4019,93
4020,12
4021,14
4022,81
4023,-101
4024,68
4025,-67
4026,-100
4027,-67
4028,-62
4029,86
4030,68
4031,-67
4032,100
4033,14
4034,-87
4035,-8
4036,-75
4037,-100
4038,93
4039,-8
4040,-8
4041,-62
4042,-73
4043,-79
4044,99
4045,80
4046,87
4047,86
4048,99
4049,68
4050,-87
4051,-73
4052,74
4053,-86
4054,-8
4055,-1
4056,-8
4057,100
4058,-67
4059,-79
4060,-1
4061,-101
4062,-13
4063,-87
4064,74
4065,81
4066,99
4067,-86
4068,-13
4069,86
4070,74
4071,-75
4072,-86
4073,-85
4074,-73
4075,-79
4076,-100
4077,-100
4078,-87
4079,-8
4080,-67
4081,-73
4082,99
4083,87
4084,68
4085,-101
4086,-62
4087,81
4088,-101
4089,-87
4090,-62
4091,-8
4092,-85
4093,12
4094,-73
4095,74
4096,12
4097,-100
4098,68
4099,-85
4100,-85
4101,-1
4102,-100
4103,74
4104,12
4105,86
4106,-101
4107,100
4108,-73
4109,68
4110,100
4111,-85
4112,-101
4113,87
4114,12
4115,-8
4116,-8
4117,14
4118,-75
4119,-100
4120,100
4121,74
4122,14
4123,-75
4124,-67
4125,12
4126,-86
4127,-13
4128,-86
4129,12
4130,-73
4131,-13
4132,-85
4133,86
4134,87
4135,87
4136,14
4137,-62
4138,14
4139,100
4140,-13
4141,-73
4142,86
4143,-13
4144,-13
4145,-73
4146,12
4147,81
4148,86
4149,99
4150,-67
4151,-62
4152,12
4153,-85
4154,-85
4155,-62
4156,-101
4157,87
4158,-8
4159,-8
4160,-13
4161,-8
4162,80
4163,-75
4164,100
4165,-79
4166,87
4167,100
4168,-8
4169,-79
4170,-86
4171,-87
4172,80
4173,87
4174,74
4175,100
4176,81
4177,-8
4178,-75
4179,14
4180,-101
4181,-79
4182,81
4183,12
4184,-13
4185,100
4186,93
4187,86
4188,-73
4189,87
4190,-67
4191,-73
4192,99
4193,87
4194,-8
4195,100
4196,-101
4197,-67
4198,-86
4199,-75
4200,-62
4201,74
4202,86
4203,100
4204,-8
4205,93
4206,-13
4207,-13
4208,87
4209,-87
4210,74
4211,12
4212,100
4213,81
4214,-67
4215,81
4216,-86
4217,-8
4218,80
4219,14
4220,74
4221,-87
4222,-67
4223,-13
4224,-62
4225,-62
4226,-73
4227,-85
4228,86
4229,100
4230,-86
4231,100
4232,74
4233,100
4234,-13
4235,86
4236,-85
4237,100
4238,100
4239,-86
4240,-73
4241,-85
4242,14
4243,99
4244,93
4245,100
4246,14
4247,-85
4248,74
4249,-75
4250,-62
4251,87
4252,-100
4253,80
4254,-100
4255,100
4256,-101
4257,81
4258,74
4259,-100
4260,74
4261,86
4262,-85
4263,68
4264,68
4265,100
4266,-101
4267,68
4268,74
4269,100
4270,81
4271,-87
4272,74
4273,-1
4274,-86
4275,-75
4276,-85
4277,-79
4278,68
4279,-1
4280,-73
4281,-79
4282,-75
4283,-79
4284,-75
4285,-62
4286,14
4287,-1
4288,-86
4289,68
4290,68
4291,-67
4292,-87
4293,93
4294,-87
4295,100
4296,100
4297,-87
4298,-13
4299,74
4300,87
4301,93
4302,-8
4303,-1
4304,-85
4305,12
4306,14
4307,100
4308,-85
4309,-13
4310,-101
4311,14
4312,81
4313,12
4314,100
4315,-13
4316,-67
4317,74
4318,-67
4319,100
4320,99
4321,-75
4322,87
4323,100
4324,-87
4325,100
4326,99
4327,-79
4328,81
4329,-8
4330,-75
4331,-86
4332,-62
4333,-13
4334,81
4335,100
4336,99
4337,12
4338,100
4339,-8
4340,-1
4341,-67
4342,-79
4343,-8
4344,100
4345,-101
4346,87
4347,-101
4348,-85
4349,-85
4350,-75
4351,100
4352,-62
4353,68
4354,-8
4355,87
4356,12
4357,74
4358,-86
4359,-86
4360,99
4361,99
4362,-13
4363,-73
4364,-87
4365,100
4366,-75
4367,-86
4368,100
4369,-86
4370,-13
4371,-62
4372,100
4373,80
4374,80
4375,-13
4376,-75
4377,68
4378,-85
4379,-101
4380,-79
4381,-85
4382,12
4383,-8
4384,-101
4385,-8
4386,-62
4387,-85
4388,93
4389,14
4390,-87
4391,100
4392,14
4393,80
4394,-67
4395,68
4396,12
4397,-85
4398,93
4399,-8
4400,74
4401,-62
4402,-13
4403,86
4404,-8
4405,12
4406,74
4407,14
4408,-8
4409,-8
4410,-73
4411,-67
4412,-100
4413,12
4414,-100
4415,68
4416,-13
4417,-1
4418,-75
4419,-73
4420,14
4421,-62
4422,74
4423,74
4424,-73
4425,100
4426,14
4427,-85
4428,100
4429,100
4430,-101
4431,87
4432,100
4433,74
4434,86
4435,80
4436,-87
4437,-85
4438,68
4439,-62
4440,-13
4441,81
4442,-13
4443,-75
4444,-8
4445,87
4446,-62
4447,12
4448,100
4449,-8
4450,87
4451,-79
4452,81
4453,-85
4454,-79
4455,-67
4456,-62
4457,100
4458,100
4459,-8
4460,14
4461,-1
4462,-85
4463,100
4464,-100
4465,68
4466,-73
4467,74
4468,81
4469,-101
4470,-62
4471,-8
4472,-79
4473,-86
4474,87
4475,-13
4476,-73
4477,-100
4478,100
4479,68
4480,-8
4481,-62
4482,-85
4483,-75
4484,100
4485,81
4486,-67
4487,-75
4488,-62
4489,93
4490,100
4491,-1
4492,-67
4493,100
4494,-62
4495,-1
4496,68
4497,14
4498,-87
4499,-8
4500,-8
4501,87
4502,-101
4503,100
4504,-13
4505,-86
4506,-8
4507,81
4508,-86
4509,-1
4510,100
4511,-62
4512,68
4513,68
4514,81
4515,74
4516,100
4517,86
4518,-100
4519,68
4520,68
4521,100
4522,-13
4523,100
4524,68
4525,-1
4526,-67
4527,-101
4528,-13
4529,68
4530,-85
4531,-79
4532,12
4533,80
4534,-75
4535,-73
4536,99
4537,93
4538,-8
4539,-85
4540,-100
4541,99
4542,-101
4543,-8
4544,-85
4545,81
4546,74
4547,86
4548,-13
4549,74
4550,74
4551,68
4552,93
4553,-100
4554,99
4555,12
4556,80
4557,-13
4558,81
4559,100
4560,80
4561,-85
4562,74
4563,93
4564,-8
4565,-87
4566,100
4567,87
4568,87
4569,86
4570,87
4571,-8
4572,86
4573,14
4574,-62
4575,80
4576,-8
4577,81
4578,-79
4579,14
4580,80
4581,86
4582,93
4583,-62
4584,14
4585,14
4586,-8
4587,-75
4588,80
4589,93
4590,93
4591,12
4592,-87
4593,-13
4594,100
4595,100
4596,-67
4597,-13
4598,-1
4599,-13
4600,81
4601,-75
4602,-87
4603,-67
4604,-73
4605,100
4606,87
4607,-86
4608,80
4609,-79
4610,-79
4611,-8
4612,-100
4613,74
4614,68
4615,-67
4616,-85
4617,-8
4618,-75
4619,100
4620,-73
4621,-100
4622,-75
4623,-86
4624,100
4625,-101
4626,-87
4627,-13
4628,-8
4629,100
4630,-86
4631,-8
4632,87
4633,86
4634,14
4635,86
4636,74
4637,87
4638,-79
4639,-13
4640,100
4641,-1
4642,100
4643,-100
4644,-86
4645,87
4646,14
4647,-73
4648,-13
4649,80
4650,74
4651,12
4652,74
4653,87
4654,80
4655,100
4656,-73
4657,-1
4658,100
4659,-8
4660,68
4661,-85
4662,-85
4663,-87
4664,14
4665,-67
4666,-62
4667,-8
4668,14
4669,-79
4670,-100
4671,87
4672,-13
4673,-73
4674,81
4675,81
4676,-13
4677,14
4678,-86
4679,-62
4680,100
4681,86
4682,-101
4683,-13
4684,80
4685,100
4686,-101
4687,80
4688,-8
4689,12
4690,12
4691,68
4692,100
4693,-79
4694,12
4695,-62
4696,99
4697,-1
4698,100
4699,-79
4700,100
4701,86
4702,12
4703,74
4704,-13
4705,-75
4706,-100
4707,81
4708,80
4709,68
4710,87
4711,100
4712,-73
4713,-8
4714,-79
4715,74
4716,-79
4717,100
4718,74
4719,-13
4720,100
4721,-87
4722,74
4723,-13
4724,-101
4725,-79
4726,93
4727,-79
4728,100
4729,80
4730,-1
4731,14
4732,80
4733,81
4734,-100
4735,80
4736,100
4737,-86
4738,-86
4739,14
4740,14
4741,93
4742,-73
4743,-8
4744,100
4745,-67
4746,-8
4747,-1
4748,-85
4749,12
4750,68
4751,68
4752,-86
4753,100
4754,-75
4755,-100
4756,14
4757,81
4758,-87
4759,-13
4760,-85
4761,-86
4762,-1
4763,-75
4764,-67
4765,81
4766,81
4767,87
4768,-8
4769,-87
4770,-86
4771,-86
4772,-8
4773,14
4774,80
4775,12
4776,99
4777,100
4778,-8
4779,-1
4780,-73
4781,68
4782,-86
4783,68
4784,80
4785,-73
4786,-1
4787,100
4788,-67
4789,80
4790,74
4791,-85
4792,86
4793,-86
4794,87
4795,100
4796,-75
4797,86
4798,-1
4799,86
4800,93
4801,-86
4802,100
4803,-87
4804,74
4805,100
4806,-13
4807,74
4808,100
4809,-100
4810,-75
4811,80
4812,-85
4813,-1
4814,-101
4815,-1
4816,-73
4817,-87
4818,-73
4819,-13
4820,80
4821,-101
4822,-87
4823,12
4824,81
4825,-100
4826,99
4827,81
4828,-8
4829,99
4830,100
4831,-85
4832,74
4833,-86
4834,74
4835,-75
4836,99
4837,100
4838,86
4839,80
4840,100
4841,12
4842,-62
4843,-13
4844,93
4845,100
4846,-86
4847,93
4848,80
4849,-85
4850,100
4851,74
4852,-79
4853,93
4854,100
4855,-1
4856,-13
4857,14
4858,-1
4859,-85
4860,100
4861,-75
4862,81
4863,-67
4864,-79
4865,99
4866,-13
4867,100
4868,100
4869,-75
4870,-13
4871,-85
4872,86
4873,-8
4874,-101
4875,-13
4876,74
4877,14
4878,74
4879,-73
4880,12
4881,-8
4882,-85
4883,86
4884,80
4885,-13
4886,86
4887,14
4888,-8
4889,99
4890,81
4891,-101
4892,87
4893,93
4894,-1
4895,-86
4896,14
4897,-73
4898,81
4899,74
4900,-87
4901,-101
4902,12
4903,-13
4904,-79
4905,80
4906,-100
4907,-62
4908,74
4909,74
4910,-8
4911,86
4912,93
4913,74
4914,-73
4915,-13
4916,-100
4917,-100
4918,100
4919,68
4920,-13
4921,74
4922,-13
4923,74
4924,80
4925,100
4926,-85
4927,-101
4928,87
4929,86
4930,-13
4931,86
4932,100
4933,-86
4934,-75
4935,-100
4936,100
4937,-1
4938,80
4939,86
4940,68
4941,-86
4942,100
4943,-8
4944,12
4945,-101
4946,-86
4947,-8
4948,-13
4949,-87
4950,74
4951,-67
4952,-100
4953,-13
4954,12
4955,-100
4956,-8
4957,-73
4958,-62
4959,68
4960,100
4961,74
4962,100
4963,14
4964,-87
4965,-8
4966,100
4967,-79
4968,-8
4969,-8
4970,100
4971,-1
4972,86
4973,100
4974,-62
4975,-1
4976,-79
4977,12
4978,-73
4979,-101
4980,86
4981,-79
4982,80
4983,86
4984,100
4985,87
4986,99
4987,-8
4988,-67
4989,100
4990,80
4991,-73
4992,-62
4993,80
4994,-75
4995,81
4996,-75
4997,81
4998,100
4999,14
5000,81
5001,-62
5002,74
5003,86
5004,68
5005,93
5006,-8
5007,-86
5008,-79
5009,14
5010,100
5011,-101
5012,-62
5013,12
5014,-8
5015,81
5016,-101
5017,-75
5018,99
5019,12
5020,-75
5021,-75
5022,12
5023,87
5024,-73
5025,-67
5026,-87
5027,74
5028,12
5029,-1
5030,14
5031,12
5032,80
5033,100
5034,-100
5035,86
5036,74
5037,-13
5038,-85
5039,87
5040,-100
5041,68
5042,-67
5043,12
5044,100
5045,-86
5046,14
5047,-75
5048,99
5049,87
5050,-100
5051,87
5052,-87
5053,-62
5054,-86
5055,86
5056,-13
5057,-101
5058,-101
5059,100
5060,-13
5061,-8
5062,-100
5063,12
5064,-13
5065,100
5066,-101
5067,-79
5068,-1
5069,-1
5070,68
5071,-75
5072,86
5073,81
5074,-13
5075,-8
5076,81
5077,-100
5078,99
5079,-8
5080,87
5081,87
5082,-86
5083,74
5084,68
5085,100
5086,-73
5087,100
5088,-75
5089,-87
5090,87
5091,99
5092,-13
5093,-13
5094,-85
5095,-62
5096,-87
5097,68
5098,100
5099,-62
5100,-86
5101,74
5102,99
5103,80
5104,-79
5105,99
5106,-13
5107,-73
5108,100
5109,99
5110,-73
5111,-85
5112,-8
5113,74
5114,-86
5115,-79
5116,-1
5117,-100
5118,86
5119,86
5120,68
5121,-8
5122,100
5123,93
5124,14
5125,99
5126,99
5127,80
5128,-79
5129,-73
5130,86
5131,-75
5132,-8
5133,74
5134,100
5135,-101
5136,-75
5137,-101
5138,-100
5139,100
5140,-1
5141,14
5142,74
5143,100
5144,-85
5145,-100
5146,99
5147,14
5148,100
5149,-8
5150,-13
5151,-75
5152,87
5153,-85
5154,-86
5155,-86
5156,-101
5157,-13
5158,-79
5159,100
5160,-100
5161,-1
5162,100
5163,-79
5164,74
5165,-87
5166,-73
5167,80
5168,74
5169,100
5170,12
5171,-75
5172,99
5173,-79
5174,100
5175,-79
5176,-8
5177,100
5178,87
5179,74
5180,-101
5181,-1
5182,-75
5183,93
5184,87
5185,74
5186,-75
5187,99
5188,-85
5189,93
5190,-100
5191,-79
5192,86
5193,74
5194,-79
5195,100
5196,-86
5197,100
5198,-86
5199,-85
5200,-13
5201,74
5202,86
5203,74
5204,12
5205,93
5206,-1
5207,-13
5208,-13
5209,-87
5210,99
5211,100
5212,74
5213,100
5214,74
5215,100
5216,74
5217,99
5218,-87
5219,-101
5220,14
5221,81
5222,74
5223,87
5224,-79
5225,-100
5226,-13
5227,-13
5228,68
5229,-8
5230,100
5231,74
5232,-1
5233,-67
5234,-73
5235,-87
5236,-86
5237,-86
5238,14
5239,-87
5240,87
5241,14
5242,-62
5243,87
5244,-67
5245,-8
5246,-8
5247,-75
5248,81
5249,-100
5250,86
5251,-13
5252,-13
5253,87
5254,100
5255,-85
5256,-62
5257,86
5258,86
5259,-87
5260,-85
5261,99
5262,12
5263,-1
5264,74
5265,-13
5266,-13
5267,100
5268,86
5269,87
5270,68
5271,93
5272,-87
5273,80
5274,74
5275,74
5276,100
5277,100
5278,100
5279,93
5280,-101
5281,-13
5282,86
5283,-75
5284,-75
5285,100
5286,74
5287,100
5288,12
5289,100
5290,-13
5291,99
5292,74
5293,-101
5294,-13
5295,100
5296,-101
5297,-13
5298,100
5299,81
5300,-13
5301,-1
5302,14
5303,-8
5304,74
5305,-73
5306,-13
5307,-101
5308,86
5309,87
5310,-79
5311,81
5312,-13
5313,100
5314,-73
5315,14
5316,14
5317,-8
5318,-79
5319,-79
5320,100
5321,68
5322,14
5323,-73
5324,-13
5325,-86
5326,-1
5327,-13
5328,93
5329,12
5330,14
5331,100
5332,-67
5333,-75
5334,-75
5335,80
5336,-8
5337,68
5338,100
5339,-73
5340,74
5341,87
5342,-75
5343,-13
5344,-13
5345,-1
5346,-75
5347,81
5348,-75
5349,-1
5350,-86
5351,-79
5352,-8
5353,-79
5354,100
5355,-85
5356,68
5357,86
5358,-67
5359,-8
5360,-8
5361,100
5362,100
5363,-8
5364,-1
5365,-62
5366,100
5367,-62
5368,-79
5369,-86
5370,86
5371,-62
5372,14
5373,-85
5374,-13
5375,14
5376,-79
5377,-87
5378,86
5379,-87
5380,-13
5381,14
5382,-85
5383,81
5384,100
5385,-13
5386,100
5387,-13
5388,100
5389,-73
5390,-13
5391,-8
5392,-73
5393,80
5394,-101
5395,93
5396,-67
5397,99
5398,-8
5399,-86
5400,-13
5401,-79
5402,87
5403,100
5404,-1
5405,68
5406,74
5407,100
5408,-79
5409,-73
5410,-67
5411,74
5412,-13
5413,-13
5414,-13
5415,74
5416,100
5417,-8
5418,-75
5419,-100
5420,-100
5421,-86
5422,-79
5423,99
5424,74
5425,80
5426,-101
5427,-101
5428,86
5429,74
5430,-1
5431,-67
5432,-85
5433,-79
5434,-73
5435,-13
5436,-67
5437,-101
5438,68
5439,14
5440,-73
5441,74
5442,99
5443,-8
5444,-8
5445,100
5446,-13
5447,100
5448,100
5449,87
5450,86
5451,12
5452,68
5453,-8
5454,-13
5455,99
5456,-86
5457,-1
5458,-73
5459,68
5460,-13
5461,-79
5462,-100
5463,12
5464,-86
5465,100
5466,-86
5467,-85
5468,-87
5469,68
5470,-87
5471,87
5472,74
5473,-62
5474,100
5475,86
5476,100
5477,-8
5478,-1
5479,-67
5480,-73
5481,-86
5482,-85
5483,-1
5484,93
5485,14
5486,-13
5487,87
5488,-1
5489,-85
5490,-87
5491,-79
5492,-62
5493,-79
5494,-101
5495,-101
5496,-86
5497,14
5498,99
5499,-67
5500,-13
5501,68
5502,-62
5503,81
5504,-62
5505,-75
5506,100
5507,-62
5508,68
5509,86
5510,-13
5511,-101
5512,-100
5513,14
5514,81
5515,-86
5516,-86
5517,-62
5518,-79
5519,-87
5520,-86
5521,14
5522,100
5523,-86
5524,80
5525,93
5526,-67
5527,-73
5528,81
5529,-75
5530,14
5531,-86
5532,81
5533,99
5534,-87
5535,-13
5536,-101
5537,87
5538,100
5539,-86
5540,93
5541,100
5542,12
5543,-101
5544,-13
5545,100
5546,-67
5547,-13
5548,14
5549,74
5550,100
5551,93
5552,99
5553,-13
5554,-8
5555,12
5556,74
5557,-62
5558,12
5559,80
5560,81
5561,-62
5562,68
5563,-73
5564,12
5565,-8
5566,12
5567,-1
5568,-8
5569,-1
5570,74
5571,86
5572,100
5573,-86
5574,74
5575,100
5576,-100
5577,-101
5578,-86
5579,74
5580,80
5581,100
5582,74
5583,100
5584,-1
5585,93
5586,-100
5587,-75
5588,14
5589,-8
5590,-87
5591,-13
5592,-87
5593,-62
5594,-13
5595,-85
5596,99
5597,100
5598,-75
5599,68
5600,-13
5601,99
5602,80
5603,100
5604,86
5605,-13
5606,-79
5607,100
5608,100
5609,14
5610,14
5611,80
5612,-13
5613,-13
5614,-8
5615,93
5616,68
5617,-13
5618,100
5619,68
5620,-87
5621,74
5622,93
5623,-79
5624,93
5625,81
5626,93
5627,80
5628,-87
5629,-1
5630,-1
5631,-1
5632,80
5633,-1
5634,-79
5635,87
5636,-67
5637,100
5638,-79
5639,74
5640,81
5641,100
5642,93
5643,-8
5644,-75
5645,-86
5646,80
5647,-67
5648,12
5649,-101
5650,-86
5651,-85
5652,74
5653,87
5654,12
5655,81
5656,-67
5657,-1
5658,100
5659,81
5660,-67
5661,-87
5662,-8
5663,86
5664,99
5665,99
5666,87
5667,-79
5668,14
5669,100
5670,80
5671,68
5672,74
5673,100
5674,87
5675,-8
5676,81
5677,-8
5678,81
5679,14
5680,68
5681,-62
5682,-79
5683,-85
5684,80
5685,68
5686,-67
5687,-13
5688,81
5689,-67
5690,12
5691,-101
5692,-1
5693,-1
5694,-73
5695,12
5696,-13
5697,100
5698,86
5699,-100
5700,68
5701,-101
5702,-75
5703,-86
5704,-86
5705,-75
5706,-62
5707,99
5708,-100
5709,-85
5710,74
5711,-13
5712,-73
5713,-1
5714,81
5715,-8
5716,74
5717,-8
5718,87
5719,-1
5720,87
5721,-8
5722,68
5723,-85
5724,-62
5725,-8
5726,74
5727,14
5728,-79
5729,-75
5730,-62
5731,100
5732,81
5733,-8
5734,74
5735,-79
5736,-100
5737,74
5738,-62
5739,-73
5740,-62
5741,74
5742,68
5743,100
5744,12
5745,-67
5746,-85
5747,86
5748,-79
5749,-79
5750,87
5751,-13
5752,-75
5753,14
5754,14
5755,-85
5756,74
5757,86
5758,-100
5759,-101
5760,-85
5761,-86
5762,12
5763,-8
5764,93
5765,-101
5766,100
5767,-8
5768,-8
5769,-13
5770,100
5771,93
5772,100
5773,-86
5774,-8
5775,93
5776,-67
5777,93
5778,-79
5779,-101
5780,-79
5781,93
5782,-101
5783,100
5784,-87
5785,-13
5786,-8
5787,-100
5788,87
5789,-62
5790,-87
5791,80
5792,74
5793,12
5794,100
5795,80
5796,14
5797,80
5798,81
5799,-73
5800,-75
5801,12
5802,81
5803,12
5804,-62
5805,74
5806,80
5807,-8
5808,74
5809,-67
5810,-75
5811,87
5812,-101
5813,-101
5814,-75
5815,-86
5816,-79
5817,93
5818,-79
5819,80
5820,14
5821,-79
5822,74
5823,100
5824,100
5825,-85
5826,-62
5827,-75
5828,93
5829,14
5830,99
5831,100
5832,12
5833,-86
5834,-85
5835,-8
5836,-85
5837,-100
5838,-1
5839,99
5840,80
5841,100
5842,-101
5843,14
5844,-13
5845,93
5846,68
5847,81
5848,-13
5849,100
5850,-1
5851,100
5852,68
5853,-13
5854,81
5855,68
5856,-62
5857,-8
5858,-67
5859,-8
5860,-100
5861,100
5862,-1
5863,87
5864,100
5865,14
5866,93
5867,12
5868,-86
5869,-87
5870,-86
5871,-73
5872,80
5873,74
5874,-8
5875,-8
5876,-13
5877,74
5878,-62
5879,-13
5880,-101
5881,68
5882,12
5883,-86
5884,-86
5885,14
5886,100
5887,100
5888,-85
5889,-8
5890,-13
5891,-101
5892,-75
5893,-67
5894,-86
5895,-73
5896,-75
5897,-101
5898,74
5899,-13
5900,-67
5901,87
5902,93
5903,87
5904,-73
5905,81
5906,74
5907,93
5908,-67
5909,-62
5910,74
5911,-73
5912,-101
5913,80
5914,-100
5915,-73
5916,-73
5917,-8
5918,86
5919,-73
5920,74
5921,80
5922,-8
5923,74
5924,100
5925,-75
5926,-85
5927,-75
5928,-87
5929,-85
5930,-62
5931,74
5932,93
5933,-13
5934,12
5935,80
5936,-75
5937,-73
5938,-101
5939,-1
5940,-87
5941,100
5942,93
5943,-79
5944,93
5945,-85
5946,-8
5947,93
5948,100
5949,-62
5950,-101
5951,-67
5952,80
5953,87
5954,12
5955,-85
5956,-67
5957,-13
5958,-73
5959,-79
5960,-86
5961,74
5962,100
5963,86
5964,-75
5965,80
5966,-85
5967,-67
5968,100
5969,74
5970,-8
5971,-13
5972,86
5973,81
5974,99
5975,-67
5976,12
5977,-100
5978,-13
5979,-8
5980,-13
5981,87
5982,-13
5983,87
5984,74
5985,68
5986,-1
5987,-86
5988,93
5989,74
5990,-73
5991,-86
5992,-100
5993,-85
5994,93
5995,-86
5996,-73
5997,100
5998,-85
5999,68
6000,-62
6001,-79
6002,-1
6003,74
6004,-13
6005,-8
6006,-75
6007,100
6008,12
6009,80
6010,86
6011,-1
6012,93
6013,-101
6014,-8
6015,-100
6016,-67
6017,100
6018,100
6019,14
6020,-87
6021,-87
6022,74
6023,93
6024,-62
6025,14
6026,74
6027,74
6028,93
6029,-75
6030,86
6031,-87
6032,-8
6033,74
6034,12
6035,-79
6036,-73
6037,74
6038,99
6039,-62
6040,-67
6041,-8
6042,-79
6043,81
6044,74
6045,-79
6046,80
6047,100
6048,-62
6049,-62
6050,68
6051,86
6052,14
6053,-100
6054,-8
6055,87
6056,-13
6057,80
6058,-62
6059,-8
6060,86
6061,12
6062,-73
6063,-62
6064,-8
6065,81
6066,-67
6067,-79
6068,81
6069,-85
6070,93
6071,80
6072,74
6073,-87
6074,99
6075,-101
6076,-75
6077,87
6078,68
6079,-73
6080,-62
6081,87
6082,-8
6083,-79
6084,-79
6085,100
6086,-75
6087,74
6088,12
6089,-100
6090,-8
6091,-62
6092,-85
6093,-67
6094,-8
6095,-73
6096,93
6097,12
6098,-1
6099,100
6100,-100
6101,74
6102,-13
6103,-75
6104,74
6105,-8
6106,68
6107,-75
6108,-62
6109,-8
6110,-85
6111,-8
6112,-101
6113,74
6114,80
6115,74
6116,-101
6117,14
6118,74
6119,100
6120,80
6121,-101
6122,-79
6123,100
6124,100
6125,86
6126,-13
6127,74
6128,-87
6129,80
6130,-67
6131,-79
6132,-87
6133,86
6134,-75
6135,74
6136,100
6137,68
6138,-75
6139,-8
6140,-73
6141,-86
6142,100
6143,87
6144,-8
6145,99
6146,-79
6147,74
6148,93
6149,74
6150,-87
6151,93
6152,86
6153,100
6154,68
6155,99
6156,-101
6157,-1
6158,-101
6159,-86
6160,100
6161,74
6162,-8
6163,100
6164,-1
6165,-13
6166,-8
6167,87
6168,-86
6169,100
6170,74
6171,12
6172,-67
6173,-100
6174,-8
6175,86
6176,-85
6177,-85
6178,86
6179,14
6180,-73
6181,-75
6182,100
6183,99
6184,100
6185,-62
6186,14
6187,74
6188,-13
6189,100
6190,-73
6191,74
6192,-13
6193,99
6194,-100
6195,-75
6196,100
6197,-8
6198,100
6199,-13
6200,-86
6201,-87
6202,-101
6203,12
6204,93
6205,-8
6206,93
6207,80
6208,86
6209,100
6210,-75
6211,-86
6212,-75
6213,-75
6214,-1
6215,-8
6216,87
6217,80
6218,-13
6219,68
6220,-73
6221,-79
6222,-8
6223,-1
6224,-62
6225,-1
6226,74
6227,12
6228,-100
6229,-75
6230,12
6231,-86
6232,-101
6233,100
6234,-67
6235,80
6236,100
6237,-13
6238,-73
6239,-13
6240,14
6241,81
6242,-100
6243,-8
6244,-86
6245,86
6246,99
6247,74
6248,93
6249,68
6250,-73
6251,-8
6252,-13
6253,-86
6254,-100
6255,-73
6256,-62
6257,74
6258,-100
6259,-73
6260,-101
6261,100
6262,12
6263,100
6264,-79
6265,-62
6266,-87
6267,-85
6268,81
6269,100
6270,-62
6271,-1
6272,-13
6273,-13
6274,14
6275,-13
6276,-13
6277,-73
6278,-8
6279,12
6280,87
6281,-100
6282,100
6283,74
6284,87
6285,-79
6286,80
6287,99
6288,-85
6289,12
6290,100
6291,14
6292,74
6293,-1
6294,-73
6295,-67
6296,74
6297,74
6298,-1
6299,86
6300,-75
6301,-1
6302,99
6303,74
6304,74
6305,-85
6306,87
6307,100
6308,-87
6309,100
6310,-79
6311,100
6312,-8
6313,81
6314,-67
6315,93
6316,14
6317,-73
6318,74
6319,93
6320,-87
6321,80
6322,99
6323,-1
6324,81
6325,93
6326,68
6327,100
6328,-101
6329,-8
6330,100
6331,-13
6332,100
6333,-8
6334,-67
6335,93
6336,12
6337,-79
6338,-100
6339,74
6340,74
6341,100
6342,-67
6343,99
6344,-67
6345,87
6346,-75
6347,100
6348,14
6349,100
6350,86
6351,100
6352,100
6353,-85
6354,100
6355,100
6356,-13
6357,99
6358,93
6359,-67
6360,-8
6361,-87
6362,74
6363,-67
6364,87
6365,74
6366,14
6367,-8
6368,86
6369,-86
6370,-79
6371,-1
6372,100
6373,-62
6374,99
6375,100
6376,74
6377,12
6378,81
6379,-75
6380,100
6381,100
6382,80
6383,87
6384,14
6385,-13
6386,-75
6387,-87
6388,93
6389,81
6390,-67
6391,-13
6392,87
6393,87
6394,-79
6395,-62
6396,14
6397,-87
6398,-86
6399,100
6400,-86
6401,12
6402,-79
6403,86
6404,-87
6405,93
6406,74
6407,-85
6408,-87
6409,81
6410,-85
6411,93
6412,-101
6413,93
6414,86
6415,81
6416,-85
6417,-85
6418,-79
6419,100
6420,74
6421,-8
6422,100
6423,-1
6424,-101
6425,86
6426,100
6427,-13
6428,100
6429,74
6430,100
6431,-101
6432,14
6433,-13
6434,99
6435,-86
6436,-87
6437,-67
6438,-62
6439,12
6440,74
6441,-67
6442,99
6443,-62
6444,-85
6445,87
6446,-100
6447,87
6448,-79
6449,-100
6450,-1
6451,100
6452,-100
6453,-87
6454,-73
6455,-1
6456,14
6457,93
6458,93
6459,-13
6460,99
6461,100
6462,12
6463,-79
6464,-8
6465,74
6466,-1
6467,-67
6468,81
6469,100
6470,-100
6471,-13
6472,-101
6473,68
6474,68
6475,81
6476,100
6477,-75
6478,74
6479,-100
6480,74
6481,-8
6482,14
6483,-1
6484,-101
6485,-79
6486,-13
6487,81
6488,74
6489,74
6490,-73
6491,100
6492,80
6493,87
6494,87
6495,93
6496,-67
6497,81
6498,-8
6499,100
6500,100
6501,-73
6502,-8
6503,100
6504,-85
6505,100
6506,81
6507,100
6508,12
6509,-8
6510,-73
6511,-75
6512,-1
6513,-87
6514,100
6515,93
6516,-86
6517,100
6518,100
6519,100
6520,-67
6521,100
6522,93
6523,-75
6524,74
6525,-75
6526,87
6527,-13
6528,-13
6529,-87
6530,81
6531,81
6532,-8
6533,74
6534,80
6535,-79
6536,14
6537,93
6538,68
6539,100
6540,-75
6541,93
6542,-101
6543,-8
6544,-8
6545,-8
6546,74
6547,-8
6548,74
6549,-62
6550,99
6551,-67
6552,-100
6553,-86
6554,-100
6555,-86
6556,80
6557,86
6558,-8
6559,-87
6560,12
6561,100
6562,100
6563,-85
6564,-8
6565,100
6566,-101
6567,93
6568,14
6569,99
6570,12
6571,12
6572,68
6573,-8
6574,100
6575,86
6576,-13
6577,14
6578,-62
6579,93
6580,-85
6581,-86
6582,74
6583,-67
6584,74
6585,-75
6586,-87
6587,-62
6588,-1
6589,100
6590,-100
6591,-85
6592,80
6593,-73
6594,-101
6595,-13
6596,100
6597,68
6598,93
6599,80
6600,-73
6601,80
6602,86
6603,-101
6604,-85
6605,86
6606,-101
6607,-73
6608,-101
6609,-73
6610,-79
6611,-85
6612,-86
6613,81
6614,-73
6615,-8
6616,80
6617,-79
6618,-1
6619,-62
6620,12
6621,81
6622,-87
6623,93
6624,-75
6625,86
6626,100
6627,80
6628,-86
6629,74
6630,-13
6631,80
6632,-8
6633,74
6634,-86
6635,87
6636,100
6637,-8
6638,-8
6639,-100
6640,-73
6641,-13
6642,-87
6643,87
6644,-73
6645,-13
6646,93
6647,93
6648,80
6649,68
6650,100
6651,-13
6652,100
6653,87
6654,-8
6655,81
6656,12
6657,-13
6658,-13
6659,-1
6660,-62
6661,-86
6662,-62
6663,-1
6664,74
6665,-13
6666,-79
6667,-1
6668,-62
6669,-101
6670,-87
6671,-13
6672,-85
6673,87
6674,-67
6675,93
6676,99
6677,-13
6678,100
6679,-13
6680,-75
6681,74
6682,-13
6683,-86
6684,-73
6685,-13
6686,81
6687,86
6688,74
6689,-13
6690,-73
6691,14
6692,99
6693,81
6694,68
6695,-100
6696,-67
6697,-87
6698,87
6699,100
6700,-73
6701,-73
6702,87
6703,99
6704,-8
6705,93
6706,12
6707,-85
6708,87
6709,-67
6710,68
6711,-79
6712,-1
6713,100
6714,80
6715,80
6716,-87
6717,93
6718,-101
6719,-100
6720,74
6721,-67
6722,100
6723,-100
6724,-8
6725,-67
6726,-85
6727,-13
6728,86
6729,-85
6730,100
6731,87
6732,-101
6733,-13
6734,-75
6735,-8
6736,81
6737,-86
6738,-85
6739,-86
6740,74
6741,12
6742,100
6743,-101
6744,-67
6745,74
6746,-13
6747,100
6748,-85
6749,-73
6750,87
6751,-73
6752,100
6753,-62
6754,68
6755,-86
6756,-85
6757,-67
6758,93
6759,-101
6760,81
6761,68
6762,-101
6763,-79
6764,81
6765,-100
6766,-86
6767,86
6768,-62
6769,12
6770,-13
6771,99
6772,-8
6773,-79
6774,-67
6775,99
6776,81
6777,86
6778,68
6779,-8
6780,74
6781,93
6782,-75
6783,14
6784,-79
6785,-13
6786,86
6787,74
6788,-87
6789,-62
6790,-8
6791,-86
6792,-75
6793,-85
6794,100
6795,12
6796,-8
6797,-87
6798,100
6799,12
6800,100
6801,86
6802,-62
6803,-101
6804,-86
6805,-62
6806,-85
6807,-8
6808,100
6809,-8
6810,-79
6811,-101
6812,-100
6813,-67
6814,-86
6815,12
6816,-100
6817,100
6818,81
6819,74
6820,-87
6821,68
6822,93
6823,68
6824,80
6825,-101
6826,99
6827,-79
6828,93
6829,87
6830,-75
6831,-79
6832,-1
6833,86
6834,-1
6835,100
6836,86
6837,86
6838,-85
6839,100
6840,-13
6841,-8
6842,12
6843,68
6844,99
6845,-13
6846,99
6847,80
6848,87
6849,-79
6850,93
6851,-75
6852,-8
6853,12
6854,-62
6855,-62
6856,-13
6857,-85
6858,68
6859,100
6860,-13
6861,-85
6862,-73
6863,-8
6864,100
6865,99
6866,-101
6867,68
6868,100
6869,99
6870,-73
6871,74
6872,-100
6873,99
6874,99
6875,-85
6876,-8
6877,100
6878,81
6879,14
6880,-8
6881,74
6882,-8
6883,74
6884,100
6885,74
6886,87
6887,87
6888,-13
6889,-13
6890,-79
6891,-87
6892,-87
6893,99
6894,87
6895,12
6896,81
6897,100
6898,-87
6899,100
6900,-8
6901,100
6902,86
6903,-87
6904,-13
6905,-85
6906,12
6907,12
6908,-86
6909,-1
6910,14
6911,-79
6912,100
6913,87
6914,-8
6915,-101
6916,-67
6917,81
6918,-8
6919,12
6920,74
6921,86
6922,-13
6923,87
6924,-13
6925,-8
6926,100
6927,80
6928,93
6929,99
6930,-75
6931,-13
6932,-79
6933,-13
6934,100
6935,100
6936,99
6937,68
6938,-100
6939,99
6940,-8
6941,-8
6942,-87
6943,14
6944,100
6945,-67
6946,14
6947,-73
6948,-62
6949,74
6950,14
6951,-75
6952,-87
6953,80
6954,100
6955,-8
6956,-100
6957,81
6958,-73
6959,68
6960,74
6961,12
6962,100
6963,-101
6964,-85
6965,-8
6966,74
6967,100
6968,74
6969,-100
6970,-85
6971,14
6972,86
6973,-13
6974,-13
6975,-100
6976,87
6977,-62
6978,80
6979,-79
6980,93
6981,-8
6982,-8
6983,-67
6984,80
6985,86
6986,74
6987,12
6988,100
6989,-79
6990,68
6991,74
6992,-67
6993,12
6994,100
6995,80
6996,87
6997,-75
6998,-86
6999,12
7000,-73
7001,74
7002,-86
7003,100
7004,100
7005,-8
7006,99
7007,-73
7008,99
7009,-85
7010,-75
7011,-87
7012,-100
7013,74
7014,87
7015,86
7016,-73
7017,100
7018,-13
7019,-62
7020,-75
7021,-73
7022,-62
7023,-87
7024,-86
7025,100
7026,-13
7027,-75
7028,-100
7029,100
7030,12
7031,-8
7032,-75
7033,100
7034,93
7035,-85
7036,80
7037,93
7038,87
7039,12
7040,-87
7041,-101
7042,-67
7043,-8
7044,-62
7045,81
7046,99
7047,-13
7048,-85
7049,80
7050,99
7051,68
7052,-13
7053,99
7054,86
7055,86
7056,100
7057,74
7058,-13
7059,-1
7060,100
7061,80
7062,-100
7063,-100
7064,74
7065,74
7066,86
7067,-1
7068,74
7069,-67
7070,87
7071,100
7072,100
7073,-8
7074,80
7075,-87
7076,87
7077,80
7078,87
7079,99
7080,86
7081,100
7082,100
7083,-100
7084,74
7085,-13
7086,86
7087,-101
7088,-101
7089,-79
7090,74
7091,87
7092,81
7093,-67
7094,100
7095,-100
7096,74
7097,87
7098,-87
7099,74
7100,-85
7101,74
7102,93
7103,-8
7104,12
7105,80
7106,-86
7107,93
7108,80
7109,100
7110,-79
7111,12
7112,-100
7113,81
7114,-87
7115,-79
7116,-8
7117,93
7118,-67
7119,100
7120,-62
7121,93
7122,-73
7123,-86
7124,-1
7125,-100
7126,-79
7127,74
7128,-67
7129,-1
7130,-67
7131,74
7132,-85
7133,-75
7134,81
7135,99
7136,-13
7137,68
7138,-13
7139,14
7140,100
7141,-62
7142,-79
7143,-87
7144,74
7145,-73
7146,74
7147,100
7148,68
7149,100
7150,-86
7151,68
7152,-85
7153,-75
7154,-13
7155,100
7156,-8
7157,86
7158,99
7159,-62
7160,-8
7161,-86
7162,-8
7163,-13
7164,100
7165,74
7166,-1
7167,87
7168,-73
7169,-79
7170,-86
7171,99
7172,-75
7173,-101
7174,93
7175,86
7176,-8
7177,-67
7178,74
7179,68
7180,-101
7181,-87
7182,100
7183,-8
7184,100
7185,-101
7186,-75
7187,-87
7188,-86
7189,-13
7190,100
7191,100
7192,81
7193,80
7194,-1
7195,-75
7196,74
7197,100
7198,68
7199,-87
7200,-13
7201,87
7202,-8
7203,100
7204,93
7205,-1
7206,-86
7207,74
7208,-8
7209,14
7210,14
7211,74
7212,-87
7213,-85
7214,-67
7215,86
7216,14
7217,-75
7218,-101
7219,86
7220,-73
7221,87
7222,100
7223,-73
7224,-87
7225,93
7226,12
7227,-13
7228,-87
7229,100
7230,-85
7231,81
7232,99
7233,-73
7234,-13
7235,12
7236,-8
7237,100
7238,-1
7239,68
7240,86
7241,-79
7242,74
7243,74
7244,68
7245,-13
7246,100
7247,-85
7248,100
7249,-79
7250,93
7251,93
7252,74
7253,-13
7254,-13
7255,-8
7256,-100
7257,81
7258,74
7259,12
7260,-87
7261,-8
7262,-13
7263,12
7264,99
7265,93
7266,81
7267,-8
7268,-100
7269,-8
7270,-86
7271,86
7272,87
7273,99
7274,74
7275,74
7276,-8
7277,-8
7278,14
7279,100
7280,-8
7281,100
7282,74
7283,-87
7284,-75
7285,-86
7286,86
7287,-13
7288,100
7289,74
7290,68
7291,-73
7292,74
7293,-85
7294,-1
7295,100
7296,68
7297,-75
7298,68
7299,100
7300,81
7301,81
7302,-100
7303,68
7304,-73
7305,-87
7306,-85
7307,-73
7308,12
7309,-87
7310,-79
7311,-13
7312,-62
7313,14
7314,-75
7315,87
7316,68
7317,93
7318,-73
7319,100
7320,100
7321,-75
7322,-85
7323,-8
7324,-13
7325,-85
7326,87
7327,-73
7328,86
7329,-86
7330,-8
7331,-75
7332,100
7333,-73
7334,-101
7335,-86
7336,86
7337,-8
7338,100
7339,100
7340,-8
7341,80
7342,68
7343,-73
7344,74
7345,87
7346,81
7347,-13
7348,100
7349,-8
7350,100
7351,-13
7352,12
7353,-73
7354,68
7355,74
7356,-73
7357,-62
7358,-101
7359,-101
7360,-13
7361,87
7362,-13
7363,-87
7364,93
7365,99
7366,80
7367,68
7368,100
7369,100
7370,99
7371,-67
7372,-62
7373,87
7374,-67
7375,-86
7376,-8
7377,-86
7378,-13
7379,74
7380,93
7381,-79
7382,-67
7383,74
7384,14
7385,14
7386,-100
7387,74
7388,99
7389,-75
7390,80
7391,74
7392,86
7393,100
7394,80
7395,14
7396,-8
7397,86
7398,-73
7399,-86
7400,12
7401,-100
7402,-79
7403,100
7404,86
7405,-13
7406,-87
7407,-85
7408,-79
7409,100
7410,100
7411,-67
7412,-79
7413,-13
7414,80
7415,-8
7416,14
7417,-8
7418,100
7419,12
7420,-8
7421,-79
7422,74
7423,-8
7424,-13
7425,-75
7426,-13
7427,-85
7428,74
7429,-86
7430,-8
7431,-75
7432,-87
7433,74
7434,93
7435,74
7436,80
7437,-8
7438,80
7439,-85
7440,81
7441,100
7442,81
7443,74
7444,-85
7445,14
7446,-67
7447,-73
7448,-13
7449,100
7450,80
7451,-100
7452,-8
7453,99
7454,-87
7455,86
7456,86
7457,86
7458,100
7459,-67
7460,100
7461,-8
7462,100
7463,-1
7464,-73
7465,12
7466,93
7467,-13
7468,99
7469,100
7470,-1
7471,93
7472,86
7473,-8
7474,-73
7475,-85
7476,81
7477,-85
7478,-79
7479,14
7480,100
7481,-1
7482,74
7483,12
7484,14
7485,87
7486,100
7487,74
7488,86
7489,14
7490,80
7491,100
7492,-62
7493,12
7494,-13
7495,-79
7496,-75
7497,99
7498,81
7499,100
7500,-100
7501,-13
7502,12
7503,-8
7504,-79
7505,100
7506,-87
7507,99
7508,100
7509,12
7510,-86
7511,-67
7512,99
7513,-73
7514,-101
7515,-62
7516,12
7517,-67
7518,-85
7519,68
7520,14
7521,87
7522,-75
7523,-8
7524,-101
7525,100
7526,93
7527,-79
7528,-13
7529,74
7530,100
7531,-101
7532,99
7533,-100
7534,-75
7535,74
7536,80
7537,100
7538,12
7539,74
7540,-85
7541,-73
7542,-1
7543,-75
7544,-79
7545,74
7546,-73
7547,-75
7548,-67
7549,-62
7550,-79
7551,68
7552,12
7553,-8
7554,-86
7555,-87
7556,-79
7557,-101
7558,-67
7559,99
7560,86
7561,74
7562,93
7563,74
7564,74
7565,-75
7566,-75
7567,-87
7568,-1
7569,86
7570,81
7571,80
7572,-13
7573,-8
7574,-85
7575,74
7576,-87
7577,-85
7578,-87
7579,-8
7580,-101
7581,-86
7582,81
7583,12
7584,100
7585,74
7586,-8
7587,74
7588,100
7589,-86
7590,-62
7591,68
7592,-86
7593,-75
7594,-100
7595,-86
7596,81
7597,-75
7598,-13
7599,-13
7600,-1
7601,12
7602,86
7603,-85
7604,68
7605,-8
7606,-8
7607,68
7608,-1
7609,-79
7610,-62
7611,100
7612,-8
7613,-73
7614,68
7615,-8
7616,99
7617,-86
7618,100
7619,-13
7620,-13
7621,-79
7622,81
7623,-79
7624,68
7625,-13
7626,-13
7627,68
7628,93
7629,-101
7630,100
7631,12
7632,-73
7633,14
7634,-1
7635,12
7636,-13
7637,74
7638,-67
7639,-86
7640,-13
7641,-13
7642,93
7643,-73
7644,12
7645,-86
7646,-13
7647,100
7648,-79
7649,-8
7650,-73
7651,-79
7652,-13
7653,-79
7654,100
7655,-73
7656,74
7657,-79
7658,100
7659,100
7660,74
7661,81
7662,-73
7663,-1
7664,99
7665,80
7666,99
7667,-67
7668,100
7669,-73
7670,87
7671,-86
7672,-79
7673,-8
7674,-87
7675,99
7676,-101
7677,-1
7678,100
7679,14
7680,-8
7681,80
7682,86
7683,-100
7684,14
7685,-1
7686,-86
7687,-100
7688,68
7689,14
7690,-100
7691,86
7692,-1
7693,-8
7694,-75
7695,-85
7696,14
7697,87
7698,86
7699,100
7700,-62
7701,99
7702,-101
7703,-13
7704,86
7705,100
7706,-73
7707,-13
7708,-73
7709,-79
7710,-13
7711,12
7712,100
7713,93
7714,-85
7715,-73
7716,-87
7717,-87
7718,80
7719,99
7720,100
7721,100
7722,100
7723,93
7724,12
7725,-1
7726,-79
7727,100
7728,12
7729,-100
7730,87
7731,93
7732,-1
7733,-13
7734,100
7735,86
7736,74
7737,81
7738,14
7739,100
7740,-1
7741,-13
7742,80
7743,-75
7744,74
7745,-1
7746,-8
7747,100
7748,-101
7749,86
7750,-8
7751,81
7752,-75
7753,-87
7754,-100
7755,99
7756,-8
7757,74
7758,80
7759,74
7760,80
7761,-85
7762,68
7763,74
7764,99
7765,-8
7766,86
7767,-101
7768,-86
7769,14
7770,-73
7771,81
7772,100
7773,-75
7774,100
7775,-8
7776,-67
7777,81
7778,-67
7779,-100
7780,-67
7781,100
7782,14
7783,-86
7784,100
7785,-73
7786,87
7787,68
7788,-8
7789,-8
7790,74
7791,-1
7792,-87
7793,-87
7794,80
7795,99
7796,-13
7797,-67
7798,74
7799,74
7800,100
7801,100
7802,-13
7803,93
7804,-101
7805,-1
7806,-62
7807,87
7808,93
7809,14
7810,99
7811,86
7812,12
7813,14
7814,86
7815,-100
7816,-67
7817,100
7818,80
7819,80
7820,74
7821,93
7822,-73
7823,81
7824,-100
7825,74
7826,-87
7827,100
7828,-1
7829,100
7830,74
7831,93
7832,-1
7833,-85
7834,80
7835,100
7836,87
7837,87
7838,-1
7839,86
7840,-86
7841,-13
7842,-1
7843,-85
7844,99
7845,-13
7846,-101
7847,-73
7848,-87
7849,86
7850,-101
7851,100
7852,-67
7853,74
7854,100
7855,-13
7856,-101
7857,-1
7858,-62
7859,100
7860,-62
7861,80
7862,80
7863,12
7864,-73
7865,-73
7866,100
7867,74
7868,-86
7869,-67
7870,-85
7871,93
7872,81
7873,99
7874,81
7875,-79
7876,-13
7877,-87
7878,-67
7879,-87
7880,-85
7881,-67
7882,99
7883,-86
7884,-79
7885,-13
7886,87
7887,-8
7888,-75
7889,87
7890,-13
7891,100
7892,93
7893,-75
7894,100
7895,100
7896,68
7897,74
7898,-75
7899,80
7900,86
7901,-79
7902,-1
7903,-67
7904,74
7905,86
7906,14
7907,-100
7908,87
7909,-75
7910,87
7911,-67
7912,-79
7913,86
7914,-13
7915,-8
7916,-8
7917,-67
7918,81
7919,74
7920,74
7921,87
7922,87
7923,-75
7924,-86
7925,74
7926,12
7927,-100
7928,-62
7929,-13
7930,-1
7931,81
7932,-8
7933,-67
7934,-8
7935,-75
7936,-1
7937,-87
7938,-73
7939,86
7940,-86
7941,99
7942,-67
7943,-75
7944,-13
7945,80
7946,12
7947,74
7948,-13
7949,-13
7950,-79
7951,99
7952,-73
7953,-73
7954,-75
7955,86
7956,-73
7957,-67
7958,-1
7959,-13
7960,-8
7961,-86
7962,-13
7963,74
7964,-73
7965,-1
7966,-85
7967,12
7968,-75
7969,81
7970,-62
7971,-101
7972,99
7973,93
7974,100
7975,-75
7976,-67
7977,-75
7978,-87
7979,100
7980,-100
7981,86
7982,14
7983,-87
7984,-8
7985,-8
7986,-13
7987,-8
7988,100
7989,100
7990,100
7991,74
7992,81
7993,-13
7994,99
7995,100
7996,87
7997,-8
7998,-8
7999,-13
8000,-13
8001,-67
8002,-85
8003,-1
8004,-79
8005,-73
8006,-1
8007,-8
8008,99
8009,68
8010,-79
8011,100
8012,-13
8013,-79
8014,74
8015,12
8016,100
8017,100
8018,68
8019,100
8020,-101
8021,-86
8022,-62
8023,-85
8024,68
8025,-13
8026,-8
8027,14
8028,-85
8029,100
8030,-1
8031,80
8032,100
8033,14
8034,81
8035,-100
8036,-1
8037,-73
8038,-13
8039,99
8040,81
8041,80
8042,-13
8043,-73
8044,99
8045,100
8046,-13
8047,81
8048,100
8049,100
8050,-13
8051,-75
8052,81
8053,-13
8054,-73
8055,-73
8056,100
8057,-67
8058,-62
8059,-101
8060,-85
8061,-1
8062,-1
8063,74
8064,-85
8065,-79
8066,-75
8067,-62
8068,74
8069,-13
8070,100
8071,74
8072,-100
8073,-8
8074,81
8075,87
8076,100
8077,-79
8078,74
8079,-75
8080,87
8081,93
8082,-8
8083,100
8084,100
8085,74
8086,-73
8087,-100
8088,80
8089,99
8090,-62
8091,-13
8092,-8
8093,-79
8094,81
8095,-8
8096,80
8097,100
8098,99
8099,-87
8100,-79
8101,12
8102,74
8103,-73
8104,-87
8105,81
8106,100
8107,-1
8108,81
8109,74
8110,68
8111,-100
8112,100
8113,87
8114,68
8115,74
8116,87
8117,81
8118,74
8119,-8
8120,14
8121,-67
8122,-8
8123,74
8124,100
8125,-75
8126,87
8127,-8
8128,81
8129,68
8130,74
8131,68
8132,-101
8133,-13
8134,14
8135,-1
8136,-75
8137,12
8138,81
8139,-75
8140,-85
8141,93
8142,81
8143,68
8144,12
8145,99
8146,74
8147,93
8148,-67
8149,-13
8150,12
8151,-67
8152,68
8153,-79
8154,-8
8155,-8
8156,80
8157,-67
8158,-73
8159,74
8160,100
8161,-62
8162,100
8163,-62
8164,12
8165,93
8166,87
8167,-73
8168,12
8169,-62
8170,74
8171,-79
8172,14
8173,99
8174,68
8175,86
8176,-75
8177,81
8178,14
8179,-62
8180,100
8181,-101
8182,-75
8183,-73
8184,-75
8185,-101
8186,100
8187,81
8188,-1
8189,-100
8190,80
8191,-79
8192,-8
8193,-67
8194,86
8195,-1
8196,80
8197,-8
8198,-85
8199,99
8200,-73
8201,99
8202,100
8203,-101
8204,74
8205,74
8206,93
8207,100
8208,-101
8209,-79
8210,100
8211,-85
8212,93
8213,-73
8214,-67
8215,74
8216,-73
8217,100
8218,86
8219,74
8220,-67
8221,-8
8222,93
8223,-86
8224,86
8225,74
8226,-8
8227,100
8228,80
8229,74
8230,100
8231,-73
8232,-62
8233,-87
8234,81
8235,14
8236,-62
8237,93
8238,-101
8239,86
8240,-79
8241,86
8242,-75
8243,-100
8244,-79
8245,87
8246,100
8247,-13
8248,14
8249,81
8250,-8
8251,100
8252,86
8253,-67
8254,12
8255,-8
8256,14
8257,-87
8258,100
8259,12
8260,93
8261,-13
8262,-73
8263,-73
8264,99
8265,-67
8266,-101
8267,74
8268,68
8269,87
8270,-86
8271,-8
8272,74
8273,14
8274,-13
8275,-13
8276,100
8277,74
8278,93
8279,-13
8280,-85
8281,-79
8282,-85
8283,-13
8284,-13
8285,-79
8286,100
8287,-79
8288,-75
8289,80
8290,100
8291,-100
8292,-73
8293,-73
8294,-79
8295,12
8296,86
8297,100
8298,100
8299,86
8300,74
8301,-73
8302,100
8303,87
8304,-86
8305,-62
8306,-101
8307,-62
8308,-101
8309,-86
8310,87
8311,-79
8312,-87
8313,-87
8314,12
8315,12
8316,-67
8317,-8
8318,-67
8319,81
8320,14
8321,100
8322,-101
8323,87
8324,-1
8325,-8
8326,-75
8327,80
8328,-101
8329,68
8330,-8
8331,86
8332,93
8333,-100
8334,-67
8335,86
8336,12
8337,-13
8338,-100
8339,-86
8340,93
8341,-101
8342,74
8343,-100
8344,100
8345,-8
8346,-62
8347,12
8348,-62
8349,74
8350,100
8351,-100
8352,-13
8353,100
8354,12
8355,99
8356,87
8357,-73
8358,-75
8359,-100
8360,81
8361,-73
8362,-87
8363,-8
8364,-13
8365,93
8366,-13
8367,100
8368,14
8369,-79
8370,-62
8371,68
8372,-13
8373,-8
8374,12
8375,-13
8376,-87
8377,68
8378,68
8379,-1
8380,12
8381,100
8382,74
8383,-100
8384,74
8385,93
8386,100
8387,-75
8388,93
8389,100
8390,100
8391,80
8392,-79
8393,-8
8394,-79
8395,-1
8396,93
8397,86
8398,-87
8399,87
8400,-75
8401,-79
8402,99
8403,87
8404,-8
8405,81
8406,-8
8407,-13
8408,14
8409,100
8410,-1
8411,100
8412,-67
8413,86
8414,93
8415,93
8416,-67
8417,-73
8418,100
8419,-79
8420,-67
8421,-8
8422,-62
8423,87
8424,-85
8425,80
8426,87
8427,87
8428,-75
8429,-13
8430,12
8431,-62
8432,-62
8433,-13
8434,74
8435,81
8436,80
8437,74
8438,-87
8439,74
8440,74
8441,-1
8442,-101
8443,81
8444,-1
8445,80
8446,-13
8447,-101
8448,87
8449,-8
8450,-100
8451,100
8452,-85
8453,-67
8454,-73
8455,99
8456,-100
8457,-62
8458,-85
8459,14
8460,87
8461,-73
8462,99
8463,-100
8464,-85
8465,-100
8466,-79
8467,100
8468,87
8469,74
8470,-62
8471,81
8472,86
8473,74
8474,100
8475,74
8476,-100
8477,-101
8478,86
8479,-8
8480,100
8481,-73
8482,68
8483,-87
8484,68
8485,86
8486,-73
8487,-13
8488,86
8489,86
8490,100
8491,93
8492,-79
8493,-101
8494,14
8495,81
8496,-1
8497,-13
8498,81
8499,-13
8500,-13
8501,-87
8502,-101
8503,74
8504,-79
8505,100
8506,-79
8507,-1
8508,-13
8509,-67
8510,-13
8511,-75
8512,81
8513,99
8514,-8
8515,-85
8516,-8
8517,74
8518,-85
8519,-8
8520,99
8521,-86
8522,74
8523,-85
8524,100
8525,-8
8526,-101
8527,-67
8528,-8
8529,-79
8530,86
8531,-8
8532,-13
8533,-75
8534,81
8535,-86
8536,-85
8537,100
8538,14
8539,14
8540,14
8541,-8
8542,-87
8543,100
8544,-73
8545,12
8546,81
8547,-79
8548,-67
8549,81
8550,-86
8551,-75
8552,-13
8553,74
8554,80
8555,-75
8556,12
8557,-100
8558,-101
8559,100
8560,-100
8561,93
8562,-100
8563,80
8564,-8
8565,-75
8566,100
8567,74
8568,-101
8569,14
8570,14
8571,-101
8572,-13
8573,-101
8574,100
8575,81
8576,-8
8577,-100
8578,-13
8579,-75
8580,100
8581,-87
8582,-75
8583,80
8584,68
8585,80
8586,-13
8587,-62
8588,87
8589,100
8590,-73
8591,86
8592,-86
8593,-79
8594,-75
8595,86
8596,93
8597,68
8598,93
8599,93
8600,100
8601,-8
8602,-62
8603,-13
8604,100
8605,100
8606,-85
8607,87
8608,-87
8609,100
8610,100
8611,93
8612,80
8613,-62
8614,86
8615,87
8616,-85
8617,-13
8618,68
8619,87
8620,93
8621,80
8622,-8
8623,86
8624,99
8625,-1
8626,-13
8627,81
8628,74
8629,87
8630,74
8631,-67
8632,14
8633,-73
8634,-13
8635,93
8636,-75
8637,68
8638,99
8639,-100
8640,-67
8641,-8
8642,74
8643,81
8644,-79
8645,100
8646,-100
8647,-67
8648,-87
8649,-101
8650,100
8651,-13
8652,-62
8653,-100
8654,-101
8655,87
8656,74
8657,80
8658,-13
8659,-13
8660,-13
8661,100
8662,-13
8663,74
8664,-101
8665,-86
8666,-85
8667,100
8668,74
8669,74
8670,86
8671,74
8672,-8
8673,-13
8674,-67
8675,-79
8676,-75
8677,-87
8678,-8
8679,-1
8680,99
8681,-13
8682,-1
8683,-13
8684,-8
8685,-87
8686,81
8687,74
8688,86
8689,-75
8690,87
8691,-73
8692,86
8693,-73
8694,100
8695,-62
8696,68
8697,-13
8698,93
8699,-73
8700,-79
8701,68
8702,14
8703,74
8704,-8
8705,-87
8706,68
8707,-79
8708,80
8709,-85
8710,-62
8711,100
8712,-8
8713,-62
8714,87
8715,74
8716,-13
8717,-13
8718,93
8719,-75
8720,100
8721,93
8722,-13
8723,68
8724,99
8725,87
8726,-67
8727,12
8728,-8
8729,74
8730,-62
8731,-8
8732,-87
8733,100
8734,-1
8735,-100
8736,-62
8737,74
8738,-13
8739,-75
8740,81
8741,99
8742,-8
8743,-100
8744,-86
8745,-13
8746,80
8747,-73
8748,-101
8749,-100
8750,93
8751,-13
8752,-13
8753,74
8754,-86
8755,-1
8756,-73
8757,-87
8758,-79
8759,-13
8760,-13
8761,-62
8762,-67
8763,-79
8764,-100
8765,-8
8766,100
8767,-62
8768,100
8769,87
8770,-75
8771,-8
8772,100
8773,-13
8774,-62
8775,-8
8776,100
8777,-73
8778,-1
8779,68
8780,93
8781,-79
8782,-62
8783,-67
8784,99
8785,87
8786,86
8787,74
8788,99
8789,-79
8790,100
8791,86
8792,-1
8793,87
8794,-79
8795,87
8796,-1
8797,74
8798,81
8799,-101
8800,-8
8801,100
8802,-85
8803,86
8804,93
8805,-13
8806,74
8807,-8
8808,87
8809,100
8810,-8
8811,80
8812,99
8813,-73
8814,93
8815,100
8816,-101
8817,81
8818,74
8819,-85
8820,-67
8821,-8
8822,86
8823,-100
8824,-86
8825,100
8826,74
8827,12
8828,-1
8829,14
8830,-73
8831,12
8832,100
8833,-1
8834,100
8835,12
8836,74
8837,-13
8838,74
8839,-85
8840,100
8841,14
8842,81
8843,93
8844,-79
8845,80
8846,-87
8847,-13
8848,-75
8849,-85
8850,-86
8851,-86
8852,-67
8853,100
8854,80
8855,68
8856,14
8857,86
8858,-62
8859,74
8860,-75
8861,81
8862,-8
8863,99
8864,80
8865,-8
8866,100
8867,99
8868,74
8869,86
8870,68
8871,-87
8872,-101
8873,93
8874,-75
8875,-13
8876,-8
8877,-13
8878,100
8879,-67
8880,68
8881,12
8882,-1
8883,74
8884,93
8885,12
8886,80
8887,-13
8888,-101
8889,12
8890,86
8891,-8
8892,-67
8893,93
8894,-13
8895,74
8896,-85
8897,-13
8898,-13
8899,-13
8900,68
8901,-8
8902,12
8903,-13
8904,100
8905,-86
8906,-13
8907,81
8908,14
8909,-100
8910,93
8911,-13
8912,12
8913,14
8914,14
8915,-86
8916,87
8917,-85
8918,80
8919,68
8920,93
8921,74
8922,68
8923,74
8924,100
8925,74
8926,-87
8927,-75
8928,100
8929,100
8930,-100
8931,-85
8932,-87
8933,100
8934,-87
8935,100
8936,86
8937,-8
8938,-8
8939,74
8940,93
8941,74
8942,-13
8943,74
8944,86
8945,74
8946,100
8947,-13
8948,74
8949,14
8950,80
8951,-13
8952,87
8953,12
8954,68
8955,14
8956,-1
8957,-100
8958,-13
8959,74
8960,-13
8961,-101
8962,-75
8963,74
8964,100
8965,100
8966,-1
8967,-62
8968,14
8969,87
8970,100
8971,-85
8972,99
8973,-73
8974,86
8975,-87
8976,86
8977,74
8978,-100
8979,81
8980,74
8981,-13
8982,86
8983,14
8984,-85
8985,100
8986,-1
8987,100
8988,-13
8989,-13
8990,-13
8991,-86
8992,-8
8993,-79
8994,-87
8995,-8
8996,-13
8997,-100
8998,-75
8999,14
9000,100
9001,74
9002,87
9003,-8
9004,14
9005,-13
9006,-73
9007,87
9008,14
9009,-87
9010,14
9011,-13
9012,-67
9013,-101
9014,-85
9015,93
9016,-62
9017,80
9018,-8
9019,86
9020,-86
9021,-101
9022,-75
9023,-8
9024,80
9025,87
9026,-13
9027,-75
9028,81
9029,-87
9030,14
9031,-85
9032,-87
9033,100
9034,87
9035,12
9036,-62
9037,-62
9038,-67
9039,-1
9040,93
9041,99
9042,-100
9043,-79
9044,12
9045,-8
9046,-85
9047,-75
9048,-75
9049,74
9050,-1
9051,80
9052,-75
9053,-62
9054,-101
9055,-13
9056,87
9057,100
9058,-85
9059,100
9060,100
9061,-67
9062,-62
9063,99
9064,-8
9065,81
9066,-87
9067,-13
9068,-62
9069,-13
9070,-79
9071,99
9072,100
9073,100
9074,-75
9075,-13
9076,-13
9077,-13
9078,-86
9079,-8
9080,100
9081,100
9082,-8
9083,-100
9084,93
9085,80
9086,100
9087,81
9088,74
9089,74
9090,-8
9091,-73
9092,-100
9093,68
9094,81
9095,81
9096,-73
9097,-100
9098,80
9099,-79
9100,-100
9101,-73
9102,81
9103,-79
9104,-8
9105,-67
9106,-75
9107,-1
9108,-67
9109,100
9110,-101
9111,-8
9112,-62
9113,-79
9114,-8
9115,74
9116,14
9117,-8
9118,-85
9119,93
9120,-13
9121,-87
9122,86
9123,100
9124,93
9125,86
9126,68
9127,68
9128,68
9129,-79
9130,-1
9131,81
9132,-1
9133,99
9134,87
9135,-85
9136,-85
9137,-73
9138,87
9139,-75
9140,100
9141,-1
9142,-87
9143,-85
9144,-67
9145,-100
9146,-8
9147,-8
9148,99
9149,93
9150,-8
9151,99
9152,-73
9153,-73
9154,86
9155,-100
9156,-8
9157,100
9158,-79
9159,-13
9160,-62
9161,-87
9162,100
9163,100
9164,-62
9165,-75
9166,-73
9167,-73
9168,93
9169,-8
9170,-1
9171,-87
9172,87
9173,-67
9174,-8
9175,81
9176,74
9177,68
9178,-67
9179,74
9180,87
9181,80
9182,12
9183,100
9184,-73
9185,99
9186,-8
9187,99
9188,99
9189,-67
9190,-13
9191,86
9192,100
9193,-86
9194,74
9195,-13
9196,74
9197,-85
9198,100
9199,14
9200,86
9201,-8
9202,-79
9203,14
9204,-86
9205,12
9206,80
9207,-13
9208,-87
9209,81
9210,-87
9211,-13
9212,-62
9213,-101
9214,-62
9215,-101
9216,-13
9217,-62
9218,86
9219,-86
9220,81
9221,-67
9222,93
9223,14
9224,-86
9225,100
9226,-101
9227,68
9228,68
9229,-67
9230,-67
9231,81
9232,-73
9233,-86
9234,86
9235,74
9236,-101
9237,-87
9238,-86
9239,-8
9240,-75
9241,14
9242,93
9243,68
9244,-73
9245,93
9246,-101
9247,-13
9248,-75
9249,-100
9250,-79
9251,-101
9252,14
9253,81
9254,74
9255,80
9256,-85
9257,99
9258,87
9259,-101
9260,12
9261,-79
9262,-75
9263,87
9264,81
9265,-67
9266,-8
9267,-13
9268,14
9269,-75
9270,100
9271,-62
9272,-8
9273,74
9274,12
9275,100
9276,86
9277,-67
9278,-73
9279,-79
9280,-8
9281,-73
9282,-13
9283,-8
9284,74
9285,-8
9286,-87
9287,-67
9288,80
9289,-8
9290,100
9291,87
9292,-87
9293,-75
9294,-87
9295,-101
9296,-73
9297,86
9298,-100
9299,-100
9300,87
9301,-79
9302,12
9303,74
9304,80
9305,100
9306,68
9307,-100
9308,81
9309,86
9310,100
9311,74
9312,14
9313,86
9314,-86
9315,87
9316,99
9317,-62
9318,-75
9319,14
9320,-73
9321,-62
9322,-73
9323,14
9324,12
9325,-101
9326,14
9327,-67
9328,-101
9329,-85
9330,99
9331,-79
9332,-67
9333,99
9334,12
9335,-101
9336,12
9337,87
9338,-85
9339,99
9340,-75
9341,-87
9342,-75
9343,-13
9344,-100
9345,-79
9346,74
9347,100
9348,12
9349,100
9350,100
9351,100
9352,81
9353,87
9354,100
9355,86
9356,-8
9357,87
9358,-86
9359,86
9360,-8
9361,86
9362,-73
9363,-8
9364,-8
9365,-85
9366,-73
9367,80
9368,-62
9369,-86
9370,74
9371,-86
9372,12
9373,-87
9374,-62
9375,-13
9376,14
9377,81
9378,-8
9379,12
9380,-101
9381,74
9382,93
9383,-13
9384,12
9385,-1
9386,-86
9387,-75
9388,80
9389,-87
9390,-62
9391,93
9392,100
9393,-67
9394,100
9395,99
9396,100
9397,80
9398,87
9399,93
9400,99
9401,80
9402,-67
9403,-8
9404,-85
9405,74
9406,74
9407,-8
9408,74
9409,-67
9410,81
9411,-8
9412,74
9413,-67
9414,-73
9415,-13
9416,-8
9417,87
9418,-1
9419,-13
9420,81
9421,93
9422,-101
9423,-67
9424,86
9425,80
9426,-79
9427,-87
9428,99
9429,100
9430,14
9431,-85
9432,-75
9433,-1
9434,-62
9435,74
9436,-75
9437,81
9438,-73
9439,-79
9440,-75
9441,93
9442,-8
9443,-79
9444,100
9445,99
9446,-1
9447,-86
9448,-73
9449,80
9450,86
9451,93
9452,-101
9453,81
9454,-62
9455,86
9456,87
9457,74
9458,74
9459,12
9460,74
9461,-101
9462,-1
9463,-8
9464,-13
9465,100
9466,14
9467,74
9468,-13
9469,-1
9470,-62
9471,80
9472,-13
9473,68
9474,-86
9475,93
9476,100
9477,-87
9478,-100
9479,-101
9480,93
9481,-8
9482,-1
9483,-62
9484,-101
9485,-62
9486,93
9487,-8
9488,74
9489,81
9490,-87
9491,86
9492,-13
9493,-85
9494,-85
9495,100
9496,74
9497,-1
9498,74
9499,100
9500,-86
9501,74
9502,-87
9503,68
9504,-101
9505,74
9506,100
9507,100
9508,-1
9509,-101
9510,86
9511,-13
9512,-75
9513,-1
9514,99
9515,-13
9516,-85
9517,-87
9518,-67
9519,-100
9520,-8
9521,87
9522,-13
9523,87
9524,86
9525,93
9526,100
9527,-87
9528,-75
9529,-79
9530,-101
9531,14
9532,87
9533,-87
9534,-75
9535,81
9536,-62
9537,80
9538,80
9539,86
9540,-101
9541,-67
9542,-73
9543,-1
9544,-87
9545,-86
9546,-79
9547,99
9548,-85
9549,87
9550,-75
9551,-100
9552,-8
9553,-13
9554,12
9555,-100
9556,14
9557,93
9558,-100
9559,100
9560,-73
9561,68
9562,-101
9563,100
9564,-85
9565,80
9566,86
9567,93
9568,81
9569,80
9570,-101
9571,93
9572,100
9573,74
9574,99
9575,-8
9576,-100
9577,68
9578,100
9579,-8
9580,100
9581,-8
9582,-8
9583,68
9584,87
9585,68
9586,14
9587,-13
9588,-101
9589,86
9590,100
9591,87
9592,14
9593,-85
9594,81
9595,-75
9596,14
9597,-73
9598,12
9599,68
9600,74
9601,12
9602,100
9603,-8
9604,-8
9605,93
9606,81
9607,14
9608,-73
9609,-1
9610,-8
9611,93
9612,68
9613,-62
9614,-86
9615,86
9616,100
9617,86
9618,14
9619,-85
9620,87
9621,74
9622,-8
9623,99
9624,-101
9625,-87
9626,-79
9627,93
9628,93
9629,100
9630,-100
9631,-87
9632,-1
9633,-67
9634,-87
9635,81
9636,-79
9637,-8
9638,12
9639,-8
9640,81
9641,74
9642,-8
9643,-75
9644,-13
9645,-85
9646,14
9647,-62
9648,-8
9649,-100
9650,86
9651,-13
9652,-1
9653,100
9654,-85
9655,-67
9656,12
9657,74
9658,80
9659,74
9660,68
9661,74
9662,-79
9663,80
9664,99
9665,-8
9666,99
9667,100
9668,-67
9669,100
9670,-75
9671,-101
9672,74
9673,-8
9674,12
9675,-13
9676,-101
9677,-13
9678,100
9679,86
9680,-67
9681,14
9682,100
9683,-87
9684,-79
9685,-73
9686,-13
9687,14
9688,-100
9689,87
9690,-8
9691,74
9692,-1
9693,-8
9694,-67
9695,81
9696,12
9697,-75
9698,100
9699,68
9700,93
9701,-62
9702,86
9703,-75
9704,87
9705,81
9706,-13
9707,-86
9708,-73
9709,12
9710,-87
9711,68
9712,68
9713,-8
9714,93
9715,-1
9716,100
9717,87
9718,99
9719,-67
9720,-101
9721,-67
9722,93
9723,14
9724,-73
9725,-67
9726,-13
9727,99
9728,81
9729,87
9730,74
9731,-13
9732,-101
9733,-101
9734,-85
9735,74
9736,-101
9737,12
9738,93
9739,-100
9740,-79
9741,-8
9742,86
9743,-100
9744,-85
9745,100
9746,12
9747,100
9748,-62
9749,-79
9750,12
9751,-75
9752,100
9753,-79
9754,99
9755,14
9756,-87
9757,93
9758,-86
9759,-100
9760,100
9761,87
9762,-75
9763,81
9764,-8
9765,14
9766,74
9767,86
9768,-8
9769,-85
9770,68
9771,-62
9772,12
9773,93
9774,12
9775,74
9776,80
9777,-75
9778,-79
9779,-87
9780,-8
9781,-79
9782,-85
9783,-67
9784,-85
9785,-79
9786,-87
9787,-8
9788,68
9789,74
9790,87
9791,100
9792,-100
9793,100
9794,74
9795,100
9796,93
9797,-86
9798,-86
9799,-13
9800,-8
9801,81
9802,74
9803,12
9804,74
9805,-8
9806,68
9807,74
9808,93
9809,-87
9810,-13
9811,-100
9812,74
9813,80
9814,93
9815,100
9816,100
9817,86
9818,-67
9819,81
9820,-79
9821,-85
9822,-100
9823,74
9824,12
9825,-73
9826,-8
9827,74
9828,-8
9829,80
9830,81
9831,74
9832,100
9833,100
9834,93
9835,-87
9836,74
9837,-79
9838,-13
9839,87
9840,-8
9841,81
9842,-1
9843,-85
9844,-85
9845,-8
9846,-62
9847,-73
9848,14
9849,81
9850,-86
9851,-86
9852,-62
9853,-87
9854,-87
9855,14
9856,-101
9857,12
9858,-1
9859,100
9860,80
9861,81
9862,-8
9863,-13
9864,12
9865,-87
9866,14
9867,74
9868,12
9869,74
9870,74
9871,-62
9872,-13
9873,86
9874,-85
9875,-8
9876,-87
9877,-13
9878,80
9879,14
9880,-8
9881,87
9882,87
9883,12
9884,93
9885,-86
9886,-100
9887,-101
9888,86
9889,-8
9890,-13
9891,-13
9892,80
9893,-79
9894,100
9895,87
9896,80
9897,100
9898,81
9899,100
9900,99
9901,-75
9902,-13
9903,-100
9904,-86
9905,-8
9906,-86
9907,-13
9908,74
9909,-13
9910,100
9911,80
9912,-87
9913,-75
9914,-100
9915,-1
9916,93
9917,80
9918,-8
9919,14
9920,-73
9921,100
9922,-67
9923,93
9924,87
9925,68
9926,100
9927,81
9928,100
9929,-85
9930,-79
9931,-100
9932,68
9933,93
9934,81
9935,-8
9936,-101
9937,-8
9938,-13
9939,99
9940,100
9941,-13
9942,-87
9943,100
9944,-13
9945,74
9946,-13
9947,-67
9948,-86
9949,86
9950,-13
9951,-73
9952,12
9953,-75
9954,100
9955,-100
9956,100
9957,-67
9958,-87
9959,100
9960,-101
9961,-67
9962,-1
9963,100
9964,-100
9965,100
9966,-8
9967,12
9968,-62
9969,-8
9970,74
9971,100
9972,68
9973,-75
9974,-67
9975,100
9976,-62
9977,68
9978,12
9979,-13
9980,100
9981,-8
9982,-8
9983,87
9984,74
9985,93
9986,74
9987,-100
9988,87
9989,87
9990,-86
9991,86
9992,-1
9993,-73
9994,14
9995,-87
9996,-79
9997,-62
9998,12
9999,-86
